-- phpMyAdmin SQL Dump
-- version 5.1.1
-- https://www.phpmyadmin.net/
--
-- Host: 127.0.0.1
-- Waktu pembuatan: 02 Jul 2023 pada 10.24
-- Versi server: 10.4.22-MariaDB
-- Versi PHP: 8.1.2

SET SQL_MODE = "NO_AUTO_VALUE_ON_ZERO";
START TRANSACTION;
SET time_zone = "+00:00";


/*!40101 SET @OLD_CHARACTER_SET_CLIENT=@@CHARACTER_SET_CLIENT */;
/*!40101 SET @OLD_CHARACTER_SET_RESULTS=@@CHARACTER_SET_RESULTS */;
/*!40101 SET @OLD_COLLATION_CONNECTION=@@COLLATION_CONNECTION */;
/*!40101 SET NAMES utf8mb4 */;

--
-- Database: `db_sistempakar`
--

-- --------------------------------------------------------

--
-- Struktur dari tabel `admin`
--

CREATE TABLE `admin` (
  `username` varchar(20) NOT NULL,
  `password` varchar(32) NOT NULL,
  `nama_lengkap` varchar(30) NOT NULL
) ENGINE=MyISAM DEFAULT CHARSET=latin1;

--
-- Dumping data untuk tabel `admin`
--

INSERT INTO `admin` (`username`, `password`, `nama_lengkap`) VALUES
('admin', '21232f297a57a5a743894a0e4a801fc3', 'Administrator1');

-- --------------------------------------------------------

--
-- Struktur dari tabel `basis_pengetahuan`
--

CREATE TABLE `basis_pengetahuan` (
  `kode_pengetahuan` int(11) NOT NULL,
  `kode_penyakit` int(11) NOT NULL,
  `kode_gejala` int(11) NOT NULL,
  `mb` double(11,1) NOT NULL,
  `md` double(11,1) NOT NULL
) ENGINE=MyISAM DEFAULT CHARSET=latin1;

--
-- Dumping data untuk tabel `basis_pengetahuan`
--

INSERT INTO `basis_pengetahuan` (`kode_pengetahuan`, `kode_penyakit`, `kode_gejala`, `mb`, `md`) VALUES
(1, 1, 1, 0.4, 0.0),
(2, 1, 2, 0.4, 0.0),
(3, 1, 3, 0.4, 0.0),
(4, 1, 4, 0.4, 0.0),
(5, 1, 5, 0.4, 0.0),
(6, 1, 6, 0.4, 0.0),
(7, 1, 7, 1.0, 0.0),
(8, 1, 8, 0.6, 0.0),
(9, 1, 9, 1.0, 0.0),
(10, 1, 10, 0.6, 0.0),
(11, 1, 11, 0.6, 0.0),
(12, 1, 12, 1.0, 0.0),
(13, 1, 13, 0.2, 0.0),
(14, 1, 14, 0.4, 0.0),
(15, 1, 15, 0.2, 0.0),
(16, 1, 16, 0.2, 0.0),
(17, 1, 17, 0.2, 0.0),
(18, 1, 18, 0.2, 0.0),
(19, 1, 19, 0.2, 0.0),
(20, 1, 20, 0.4, 0.0),
(21, 1, 21, 0.6, 0.0),
(22, 1, 22, 0.4, 0.0),
(23, 1, 23, 0.2, 0.0),
(24, 1, 24, 0.2, 0.0),
(25, 1, 25, 0.2, 0.0),
(152, 2, 25, 0.2, 0.0),
(151, 2, 24, 0.2, 0.0),
(150, 2, 23, 0.2, 0.0),
(149, 2, 22, 0.4, 0.0),
(148, 2, 21, 0.6, 0.0),
(147, 2, 20, 0.4, 0.0),
(146, 2, 19, 0.2, 0.0),
(145, 2, 18, 0.2, 0.0),
(144, 2, 17, 0.2, 0.0),
(143, 2, 16, 0.2, 0.0),
(142, 2, 15, 0.2, 0.0),
(141, 2, 14, 0.4, 0.0),
(140, 2, 13, 0.2, 0.0),
(139, 2, 12, 1.0, 0.0),
(138, 2, 11, 0.6, 0.0),
(137, 2, 10, 0.6, 0.0),
(136, 2, 9, 1.0, 0.0),
(135, 2, 8, 0.6, 0.0),
(134, 2, 7, 1.0, 0.0),
(133, 2, 6, 0.4, 0.0),
(132, 2, 5, 0.4, 0.0),
(131, 2, 4, 0.4, 0.0),
(130, 2, 3, 0.4, 0.0),
(129, 2, 2, 0.4, 0.0),
(128, 2, 1, 0.4, 0.0);

-- --------------------------------------------------------

--
-- Struktur dari tabel `gejala`
--

CREATE TABLE `gejala` (
  `kode_gejala` int(11) NOT NULL,
  `nama_gejala` varchar(100) NOT NULL
) ENGINE=MyISAM DEFAULT CHARSET=latin1;

--
-- Dumping data untuk tabel `gejala`
--

INSERT INTO `gejala` (`kode_gejala`, `nama_gejala`) VALUES
(10, 'Mimisan, hidung tersumbat, kehilangan tulang hidung'),
(6, 'Permukaan bercak halus dan mengkilap'),
(3, 'Tepi bercak berbatas tegas'),
(2, 'Permukaan bercak kasar dan kering'),
(1, 'Terdapat bercak merah atau putih pada kulit'),
(19, 'Jari-jari tangan tampak membengkok'),
(18, 'Bengkak di wajah dan di telinga'),
(17, 'Nyeri sendi  terutama siku,  pergelangan tangan dan kaki'),
(16, 'Kesemutan pada kaki / lengan /tangan'),
(15, 'Terjadi penurunan berat badan'),
(14, 'Kulit tidak berkeringat'),
(13, 'Mata menjadi kering dan jarang berkedip'),
(11, 'Daun telinga tampak berbenjol- benjol'),
(9, 'Alis mata rontok dari sisi luar (dekat ke telinga)'),
(8, 'Otot-otot di telapak tangan mengecil, lemas dan lemah'),
(7, 'Kulit menjadi mati rasa (kebal) jika ditusuk jarum'),
(5, 'Terjadi penebalan dan pembengkakan pada bercak'),
(4, 'Tepi bercak berbatas kurang tegas'),
(20, 'Berjalan tidak normal, kaki seperti terlempar'),
(21, 'Jari- jari memendek, putus sendiri tanpa terluka'),
(22, 'Luka di kaki atau tangan yang tidak bisa sembuh'),
(23, 'Tangan tidak kuat menggenggam sesuatu'),
(24, 'Kekuatan otot berkurang perlahan '),
(25, 'Demam disertai meriang'),
(12, 'Kelopak mata sulit tertutup dengan rapat');

-- --------------------------------------------------------

--
-- Struktur dari tabel `hasil`
--

CREATE TABLE `hasil` (
  `id_hasil` int(11) NOT NULL,
  `tanggal` varchar(50) NOT NULL DEFAULT '0',
  `penyakit` text NOT NULL,
  `gejala` text NOT NULL,
  `hasil_id` int(11) NOT NULL,
  `hasil_nilai` varchar(16) NOT NULL
) ENGINE=MyISAM DEFAULT CHARSET=latin1;

--
-- Dumping data untuk tabel `hasil`
--

INSERT INTO `hasil` (`id_hasil`, `tanggal`, `penyakit`, `gejala`, `hasil_id`, `hasil_nilai`) VALUES
(574, '2023-01-04 15:53:35', 'a:2:{i:1;s:6:\"0.9996\";i:2;s:6:\"0.9996\";}', 'a:25:{i:1;s:1:\"1\";i:2;s:1:\"1\";i:3;s:1:\"1\";i:4;s:1:\"2\";i:5;s:1:\"2\";i:6;s:1:\"2\";i:7;s:1:\"2\";i:8;s:1:\"2\";i:9;s:1:\"2\";i:10;s:1:\"2\";i:11;s:1:\"2\";i:12;s:1:\"2\";i:13;s:1:\"2\";i:14;s:1:\"2\";i:15;s:1:\"2\";i:16;s:1:\"2\";i:17;s:1:\"2\";i:18;s:1:\"2\";i:19;s:1:\"1\";i:20;s:1:\"1\";i:21;s:1:\"1\";i:22;s:1:\"1\";i:23;s:1:\"1\";i:24;s:1:\"2\";i:25;s:1:\"2\";}', 1, '0.9996'),
(573, '2023-01-04 15:51:07', 'a:2:{i:1;s:6:\"1.0000\";i:2;s:6:\"1.0000\";}', 'a:25:{i:1;s:1:\"1\";i:2;s:1:\"1\";i:3;s:1:\"1\";i:4;s:1:\"1\";i:5;s:1:\"1\";i:6;s:1:\"1\";i:7;s:1:\"1\";i:8;s:1:\"1\";i:9;s:1:\"1\";i:10;s:1:\"1\";i:11;s:1:\"1\";i:12;s:1:\"1\";i:13;s:1:\"1\";i:14;s:1:\"1\";i:15;s:1:\"1\";i:16;s:1:\"1\";i:17;s:1:\"1\";i:18;s:1:\"1\";i:19;s:1:\"1\";i:20;s:1:\"1\";i:21;s:1:\"1\";i:22;s:1:\"1\";i:23;s:1:\"1\";i:24;s:1:\"1\";i:25;s:1:\"1\";}', 2, '1.0000'),
(572, '2023-01-04 15:47:32', 'a:2:{i:1;s:6:\"1.0000\";i:2;s:6:\"1.0000\";}', 'a:25:{i:1;s:1:\"1\";i:2;s:1:\"1\";i:3;s:1:\"1\";i:4;s:1:\"1\";i:5;s:1:\"1\";i:6;s:1:\"1\";i:7;s:1:\"1\";i:8;s:1:\"1\";i:9;s:1:\"1\";i:10;s:1:\"1\";i:11;s:1:\"1\";i:12;s:1:\"1\";i:13;s:1:\"1\";i:14;s:1:\"1\";i:15;s:1:\"1\";i:16;s:1:\"1\";i:17;s:1:\"1\";i:18;s:1:\"1\";i:19;s:1:\"1\";i:20;s:1:\"1\";i:21;s:1:\"1\";i:22;s:1:\"1\";i:23;s:1:\"1\";i:24;s:1:\"1\";i:25;s:1:\"1\";}', 1, '1.0000'),
(571, '2023-01-04 15:46:37', 'a:2:{i:1;s:6:\"0.8000\";i:2;s:6:\"0.8000\";}', 'a:1:{i:1;s:1:\"1\";}', 1, '0.8000'),
(570, '2023-01-04 15:45:32', 'a:2:{i:2;s:6:\"0.9000\";i:1;s:6:\"0.8000\";}', 'a:2:{i:1;s:1:\"1\";i:2;s:1:\"2\";}', 2, '0.9000'),
(568, '2023-01-04 15:40:48', 'a:2:{i:1;s:6:\"1.0000\";i:2;s:6:\"1.0000\";}', 'a:6:{i:1;s:1:\"1\";i:2;s:1:\"1\";i:3;s:1:\"1\";i:4;s:1:\"2\";i:5;s:1:\"1\";i:6;s:1:\"1\";}', 1, '1.0000'),
(569, '2023-01-04 15:42:19', 'a:2:{i:2;s:6:\"0.9600\";i:1;s:6:\"0.9200\";}', 'a:2:{i:1;s:1:\"1\";i:2;s:1:\"1\";}', 2, '0.9600'),
(567, '2023-01-04 15:40:30', 'a:2:{i:2;s:6:\"0.9936\";i:1;s:6:\"0.9872\";}', 'a:4:{i:1;s:1:\"1\";i:2;s:1:\"1\";i:3;s:1:\"1\";i:4;s:1:\"1\";}', 2, '0.9936'),
(566, '2023-01-04 15:37:47', 'a:2:{i:2;s:6:\"0.9840\";i:1;s:6:\"0.9680\";}', 'a:3:{i:1;s:1:\"1\";i:2;s:1:\"1\";i:3;s:1:\"1\";}', 2, '0.9840'),
(564, '2023-01-04 15:21:48', 'a:2:{i:1;s:6:\"0.6000\";i:2;s:6:\"0.6000\";}', 'a:1:{i:2;s:1:\"1\";}', 1, '0.6000'),
(565, '2023-01-04 15:35:03', 'a:2:{i:1;s:6:\"0.9360\";i:2;s:6:\"0.9360\";}', 'a:4:{i:1;s:1:\"2\";i:2;s:1:\"1\";i:3;s:1:\"1\";i:4;s:1:\"1\";}', 1, '0.9360'),
(563, '2023-01-04 15:20:08', 'a:2:{i:2;s:6:\"0.9000\";i:1;s:6:\"0.8000\";}', 'a:1:{i:1;s:1:\"1\";}', 2, '0.9000'),
(562, '2023-01-04 15:19:44', 'a:0:{}', 'a:0:{}', 0, ''),
(561, '2023-01-04 09:37:19', 'a:2:{i:2;s:6:\"0.9600\";i:1;s:6:\"0.9200\";}', 'a:3:{i:1;s:1:\"1\";i:2;s:1:\"1\";i:3;s:1:\"2\";}', 2, '0.9600'),
(559, '2023-01-04 00:06:34', 'a:2:{i:2;s:6:\"0.9840\";i:1;s:6:\"0.9680\";}', 'a:3:{i:1;s:1:\"1\";i:2;s:1:\"1\";i:3;s:1:\"1\";}', 2, '0.9840'),
(560, '2023-01-04 00:13:27', 'a:2:{i:1;s:6:\"1.0000\";i:2;s:6:\"0.6000\";}', 'a:1:{i:9;s:1:\"1\";}', 1, '1.0000'),
(557, '2023-01-03 23:43:40', 'a:2:{i:2;s:6:\"0.9600\";i:1;s:6:\"0.9200\";}', 'a:3:{i:1;s:1:\"1\";i:2;s:1:\"2\";i:3;s:1:\"1\";}', 2, '0.9600'),
(558, '2023-01-03 23:55:47', 'a:2:{i:2;s:6:\"0.9600\";i:1;s:6:\"0.9200\";}', 'a:3:{i:1;s:1:\"1\";i:2;s:1:\"1\";i:3;s:1:\"2\";}', 2, '0.9600'),
(556, '2023-01-03 23:43:22', 'a:2:{i:2;s:6:\"0.9840\";i:1;s:6:\"0.9680\";}', 'a:3:{i:1;s:1:\"1\";i:2;s:1:\"1\";i:3;s:1:\"1\";}', 2, '0.9840'),
(555, '2023-01-03 23:17:55', 'a:2:{i:2;s:6:\"0.9600\";i:1;s:6:\"0.9200\";}', 'a:4:{i:1;s:1:\"1\";i:2;s:1:\"1\";i:3;s:1:\"2\";i:4;s:1:\"2\";}', 2, '0.9600'),
(554, '2023-01-03 23:16:10', 'a:2:{i:2;s:6:\"0.9936\";i:1;s:6:\"0.9872\";}', 'a:6:{i:1;s:1:\"1\";i:2;s:1:\"1\";i:3;s:1:\"2\";i:4;s:1:\"1\";i:5;s:1:\"1\";i:6;s:1:\"2\";}', 2, '0.9936'),
(552, '2023-01-03 23:12:01', 'a:2:{i:2;s:6:\"0.9600\";i:1;s:6:\"0.9200\";}', 'a:3:{i:1;s:1:\"1\";i:2;s:1:\"1\";i:3;s:1:\"2\";}', 2, '0.9600'),
(553, '2023-01-03 23:13:43', 'a:2:{i:2;s:6:\"0.9840\";i:1;s:6:\"0.9680\";}', 'a:4:{i:1;s:1:\"1\";i:2;s:1:\"1\";i:3;s:1:\"2\";i:4;s:1:\"1\";}', 2, '0.9840'),
(551, '2023-01-03 23:10:01', 'a:2:{i:2;s:6:\"0.9840\";i:1;s:6:\"0.9680\";}', 'a:3:{i:1;s:1:\"1\";i:2;s:1:\"1\";i:3;s:1:\"1\";}', 2, '0.9840'),
(550, '2023-01-03 23:04:50', 'a:2:{i:1;s:6:\"1.0000\";i:2;s:6:\"1.0000\";}', 'a:8:{i:1;s:1:\"1\";i:2;s:1:\"1\";i:3;s:1:\"2\";i:4;s:1:\"2\";i:5;s:1:\"1\";i:6;s:1:\"1\";i:7;s:1:\"1\";i:8;s:1:\"1\";}', 1, '1.0000'),
(549, '2023-01-03 23:04:28', 'a:2:{i:2;s:6:\"0.9600\";i:1;s:6:\"0.9200\";}', 'a:3:{i:1;s:1:\"1\";i:2;s:1:\"1\";i:3;s:1:\"2\";}', 2, '0.9600'),
(548, '2023-01-03 23:02:40', 'a:2:{i:1;s:6:\"1.0000\";i:2;s:6:\"1.0000\";}', 'a:6:{i:1;s:1:\"1\";i:2;s:1:\"1\";i:3;s:1:\"1\";i:4;s:1:\"1\";i:5;s:1:\"1\";i:6;s:1:\"1\";}', 1, '1.0000'),
(547, '2023-01-03 23:02:19', 'a:2:{i:2;s:6:\"0.9600\";i:1;s:6:\"0.9200\";}', 'a:2:{i:1;s:1:\"1\";i:2;s:1:\"1\";}', 2, '0.9600'),
(544, '2023-01-03 16:54:24', 'a:2:{i:1;s:6:\"0.6000\";i:2;s:6:\"0.6000\";}', 'a:1:{i:9;s:1:\"1\";}', 1, '0.6000'),
(545, '2023-01-03 16:54:44', 'a:2:{i:1;s:6:\"0.6000\";i:2;s:6:\"0.6000\";}', 'a:1:{i:9;s:1:\"1\";}', 1, '0.6000'),
(546, '2023-01-03 16:55:01', 'a:2:{i:2;s:6:\"0.9000\";i:1;s:6:\"0.8000\";}', 'a:1:{i:1;s:1:\"1\";}', 2, '0.9000'),
(542, '2023-01-03 16:45:34', 'a:2:{i:2;s:6:\"0.9000\";i:1;s:6:\"0.8000\";}', 'a:1:{i:1;s:1:\"1\";}', 2, '0.9000'),
(543, '2023-01-03 16:52:37', 'a:2:{i:1;s:6:\"1.0000\";i:2;s:6:\"1.0000\";}', 'a:25:{i:1;s:1:\"1\";i:2;s:1:\"1\";i:3;s:1:\"1\";i:4;s:1:\"1\";i:5;s:1:\"1\";i:6;s:1:\"1\";i:7;s:1:\"1\";i:8;s:1:\"1\";i:9;s:1:\"1\";i:10;s:1:\"1\";i:11;s:1:\"1\";i:12;s:1:\"1\";i:13;s:1:\"1\";i:14;s:1:\"1\";i:15;s:1:\"1\";i:16;s:1:\"1\";i:17;s:1:\"1\";i:18;s:1:\"1\";i:19;s:1:\"1\";i:20;s:1:\"1\";i:21;s:1:\"1\";i:22;s:1:\"1\";i:23;s:1:\"1\";i:24;s:1:\"1\";i:25;s:1:\"1\";}', 1, '1.0000'),
(540, '2023-01-03 11:50:12', 'a:2:{i:2;s:6:\"0.9000\";i:1;s:6:\"0.8000\";}', 'a:1:{i:1;s:1:\"1\";}', 2, '0.9000'),
(541, '2023-01-03 11:51:00', 'a:0:{}', 'a:1:{i:1;s:1:\"2\";}', 0, ''),
(539, '2023-01-03 11:49:17', 'a:2:{i:2;s:6:\"0.9000\";i:1;s:6:\"0.8000\";}', 'a:1:{i:1;s:1:\"1\";}', 2, '0.9000'),
(538, '2023-01-03 00:06:27', 'a:2:{i:2;s:6:\"0.9840\";i:1;s:6:\"0.9680\";}', 'a:25:{i:1;s:1:\"1\";i:2;s:1:\"1\";i:3;s:1:\"2\";i:4;s:1:\"2\";i:5;s:1:\"2\";i:6;s:1:\"2\";i:7;s:1:\"2\";i:8;s:1:\"2\";i:9;s:1:\"2\";i:10;s:1:\"2\";i:11;s:1:\"2\";i:12;s:1:\"2\";i:13;s:1:\"2\";i:14;s:1:\"1\";i:15;s:1:\"2\";i:16;s:1:\"2\";i:17;s:1:\"2\";i:18;s:1:\"2\";i:19;s:1:\"2\";i:20;s:1:\"2\";i:21;s:1:\"2\";i:22;s:1:\"2\";i:23;s:1:\"2\";i:24;s:1:\"2\";i:25;s:1:\"2\";}', 2, '0.9840'),
(536, '2023-01-02 23:40:45', 'a:2:{i:1;s:6:\"0.6000\";i:2;s:6:\"0.6000\";}', 'a:1:{i:2;s:1:\"1\";}', 1, '0.6000'),
(537, '2023-01-02 23:46:46', 'a:0:{}', 'a:25:{i:1;s:1:\"2\";i:2;s:1:\"2\";i:3;s:1:\"2\";i:4;s:1:\"2\";i:5;s:1:\"2\";i:6;s:1:\"2\";i:7;s:1:\"2\";i:8;s:1:\"2\";i:9;s:1:\"2\";i:10;s:1:\"2\";i:11;s:1:\"2\";i:12;s:1:\"2\";i:13;s:1:\"2\";i:14;s:1:\"2\";i:15;s:1:\"2\";i:16;s:1:\"2\";i:17;s:1:\"2\";i:18;s:1:\"2\";i:19;s:1:\"2\";i:20;s:1:\"2\";i:21;s:1:\"2\";i:22;s:1:\"2\";i:23;s:1:\"2\";i:24;s:1:\"2\";i:25;s:1:\"2\";}', 0, ''),
(534, '2023-01-02 23:33:14', 'a:2:{i:1;s:6:\"0.9280\";i:2;s:6:\"0.9280\";}', 'a:25:{i:1;s:1:\"2\";i:2;s:1:\"2\";i:3;s:1:\"2\";i:4;s:1:\"2\";i:5;s:1:\"2\";i:6;s:1:\"2\";i:7;s:1:\"2\";i:8;s:1:\"2\";i:9;s:1:\"2\";i:10;s:1:\"2\";i:11;s:1:\"1\";i:12;s:1:\"2\";i:13;s:1:\"2\";i:14;s:1:\"2\";i:15;s:1:\"2\";i:16;s:1:\"1\";i:17;s:1:\"2\";i:18;s:1:\"2\";i:19;s:1:\"2\";i:20;s:1:\"2\";i:21;s:1:\"2\";i:22;s:1:\"2\";i:23;s:1:\"2\";i:24;s:1:\"2\";i:25;s:1:\"1\";}', 1, '0.9280'),
(535, '2023-01-02 23:40:22', 'a:2:{i:1;s:6:\"0.6000\";i:2;s:6:\"0.6000\";}', 'a:1:{i:3;s:1:\"1\";}', 1, '0.6000'),
(533, '2023-01-02 23:32:40', 'a:2:{i:1;s:6:\"0.6400\";i:2;s:6:\"0.6400\";}', 'a:25:{i:1;s:1:\"2\";i:2;s:1:\"2\";i:3;s:1:\"2\";i:4;s:1:\"2\";i:5;s:1:\"2\";i:6;s:1:\"2\";i:7;s:1:\"2\";i:8;s:1:\"2\";i:9;s:1:\"2\";i:10;s:1:\"2\";i:11;s:1:\"2\";i:12;s:1:\"2\";i:13;s:1:\"2\";i:14;s:1:\"2\";i:15;s:1:\"2\";i:16;s:1:\"1\";i:17;s:1:\"2\";i:18;s:1:\"2\";i:19;s:1:\"2\";i:20;s:1:\"2\";i:21;s:1:\"2\";i:22;s:1:\"2\";i:23;s:1:\"2\";i:24;s:1:\"2\";i:25;s:1:\"1\";}', 1, '0.6400'),
(532, '2023-01-02 23:31:32', 'a:2:{i:1;s:6:\"0.9280\";i:2;s:6:\"0.9280\";}', 'a:25:{i:1;s:1:\"2\";i:2;s:1:\"2\";i:3;s:1:\"2\";i:4;s:1:\"2\";i:5;s:1:\"2\";i:6;s:1:\"2\";i:7;s:1:\"2\";i:8;s:1:\"2\";i:9;s:1:\"2\";i:10;s:1:\"2\";i:11;s:1:\"1\";i:12;s:1:\"2\";i:13;s:1:\"2\";i:14;s:1:\"2\";i:15;s:1:\"2\";i:16;s:1:\"1\";i:17;s:1:\"2\";i:18;s:1:\"2\";i:19;s:1:\"2\";i:20;s:1:\"2\";i:21;s:1:\"2\";i:22;s:1:\"2\";i:23;s:1:\"2\";i:24;s:1:\"2\";i:25;s:1:\"1\";}', 1, '0.9280'),
(528, '2023-01-02 14:20:15', 'a:0:{}', 'a:0:{}', 0, ''),
(529, '2023-01-02 23:12:20', 'a:0:{}', 'a:0:{}', 0, ''),
(530, '2023-01-02 23:14:11', 'a:2:{i:2;s:6:\"0.9000\";i:1;s:6:\"0.8000\";}', 'a:1:{i:1;s:1:\"1\";}', 2, '0.9000'),
(531, '2023-01-02 23:29:59', 'a:2:{i:1;s:6:\"1.0000\";i:2;s:6:\"1.0000\";}', 'a:25:{i:1;s:1:\"2\";i:2;s:1:\"2\";i:3;s:1:\"2\";i:4;s:1:\"2\";i:5;s:1:\"1\";i:6;s:1:\"1\";i:7;s:1:\"1\";i:8;s:1:\"1\";i:9;s:1:\"2\";i:10;s:1:\"2\";i:11;s:1:\"2\";i:12;s:1:\"2\";i:13;s:1:\"2\";i:14;s:1:\"1\";i:15;s:1:\"2\";i:16;s:1:\"2\";i:17;s:1:\"2\";i:18;s:1:\"2\";i:19;s:1:\"2\";i:20;s:1:\"2\";i:21;s:1:\"2\";i:22;s:1:\"2\";i:23;s:1:\"2\";i:24;s:1:\"1\";i:25;s:1:\"2\";}', 1, '1.0000'),
(527, '2023-01-02 14:19:53', 'a:2:{i:2;s:6:\"0.9000\";i:1;s:6:\"0.8000\";}', 'a:2:{i:1;s:1:\"1\";i:2;s:1:\"2\";}', 2, '0.9000'),
(525, '2023-01-02 14:14:04', 'a:0:{}', 'a:0:{}', 0, ''),
(526, '2023-01-02 14:18:52', 'a:2:{i:1;s:6:\"0.4000\";i:2;s:6:\"0.4000\";}', 'a:1:{i:15;s:1:\"1\";}', 1, '0.4000'),
(523, '2023-01-02 14:02:21', 'a:0:{}', 'a:1:{i:2;s:1:\"2\";}', 0, ''),
(524, '2023-01-02 14:12:53', 'a:0:{}', 'a:0:{}', 0, ''),
(522, '2023-01-02 14:02:09', 'a:2:{i:1;s:6:\"0.6000\";i:2;s:6:\"0.6000\";}', 'a:1:{i:2;s:1:\"1\";}', 1, '0.6000'),
(520, '2023-01-02 14:01:45', 'a:0:{}', 'a:1:{i:1;s:1:\"2\";}', 0, ''),
(521, '2023-01-02 14:01:55', 'a:2:{i:2;s:6:\"0.9000\";i:1;s:6:\"0.8000\";}', 'a:1:{i:1;s:1:\"1\";}', 2, '0.9000'),
(519, '2023-01-02 14:01:28', 'a:2:{i:2;s:6:\"0.9600\";i:1;s:6:\"0.9200\";}', 'a:3:{i:1;s:1:\"1\";i:2;s:1:\"2\";i:3;s:1:\"1\";}', 2, '0.9600'),
(518, '2023-01-02 13:44:43', 'a:2:{i:2;s:6:\"0.9000\";i:1;s:6:\"0.8000\";}', 'a:1:{i:1;s:1:\"1\";}', 2, '0.9000'),
(517, '2023-01-02 13:32:54', 'a:2:{i:2;s:6:\"0.9000\";i:1;s:6:\"0.8000\";}', 'a:1:{i:1;s:1:\"1\";}', 2, '0.9000'),
(516, '2023-01-02 13:32:28', 'a:2:{i:1;s:6:\"1.0000\";i:2;s:6:\"1.0000\";}', 'a:25:{i:1;s:1:\"1\";i:2;s:1:\"1\";i:3;s:1:\"1\";i:4;s:1:\"1\";i:5;s:1:\"1\";i:6;s:1:\"1\";i:7;s:1:\"1\";i:8;s:1:\"1\";i:9;s:1:\"1\";i:10;s:1:\"1\";i:11;s:1:\"1\";i:12;s:1:\"1\";i:13;s:1:\"1\";i:14;s:1:\"1\";i:15;s:1:\"1\";i:16;s:1:\"1\";i:17;s:1:\"1\";i:18;s:1:\"1\";i:19;s:1:\"1\";i:20;s:1:\"1\";i:21;s:1:\"1\";i:22;s:1:\"1\";i:23;s:1:\"1\";i:24;s:1:\"1\";i:25;s:1:\"1\";}', 1, '1.0000'),
(515, '2023-01-02 13:18:20', 'a:2:{i:2;s:6:\"0.9000\";i:1;s:6:\"0.8000\";}', 'a:1:{i:1;s:1:\"1\";}', 2, '0.9000'),
(513, '2023-01-02 13:14:32', 'a:2:{i:2;s:6:\"0.9000\";i:1;s:6:\"0.8000\";}', 'a:1:{i:1;s:1:\"1\";}', 2, '0.9000'),
(514, '2023-01-02 13:16:08', 'a:2:{i:2;s:6:\"0.9936\";i:1;s:6:\"0.9872\";}', 'a:4:{i:1;s:1:\"1\";i:2;s:1:\"1\";i:3;s:1:\"1\";i:4;s:1:\"1\";}', 2, '0.9936'),
(508, '2023-01-02 12:56:24', 'a:1:{i:1;s:6:\"0.6400\";}', 'a:1:{i:1;s:1:\"2\";}', 1, '0.6400'),
(509, '2023-01-02 13:01:11', 'a:0:{}', 'a:0:{}', 0, ''),
(510, '2023-01-02 13:05:41', 'a:0:{}', 'a:0:{}', 0, ''),
(511, '2023-01-02 13:06:17', 'a:1:{i:1;s:6:\"0.8000\";}', 'a:1:{i:1;s:1:\"1\";}', 1, '0.8000'),
(512, '2023-01-02 13:13:55', 'a:2:{i:1;s:6:\"0.8000\";i:2;s:6:\"0.8000\";}', 'a:1:{i:1;s:1:\"1\";}', 1, '0.8000'),
(504, '2023-01-01 20:14:41', 'a:0:{}', 'a:0:{}', 0, ''),
(505, '2023-01-01 20:17:54', 'a:0:{}', 'a:0:{}', 0, ''),
(506, '2023-01-01 20:30:43', 'a:1:{i:1;s:6:\"0.8000\";}', 'a:1:{i:1;s:1:\"1\";}', 1, '0.8000'),
(507, '2023-01-02 11:27:26', 'a:1:{i:1;s:6:\"1.0000\";}', 'a:25:{i:1;s:1:\"2\";i:2;s:1:\"4\";i:3;s:1:\"3\";i:4;s:1:\"6\";i:5;s:1:\"5\";i:6;s:1:\"2\";i:7;s:1:\"1\";i:8;s:1:\"5\";i:9;s:1:\"2\";i:10;s:1:\"3\";i:11;s:1:\"4\";i:12;s:1:\"2\";i:13;s:1:\"1\";i:14;s:1:\"5\";i:15;s:1:\"5\";i:16;s:1:\"2\";i:17;s:1:\"3\";i:18;s:1:\"6\";i:19;s:1:\"6\";i:20;s:1:\"3\";i:21;s:1:\"4\";i:22;s:1:\"1\";i:23;s:1:\"6\";i:24;s:1:\"5\";i:25;s:1:\"3\";}', 1, '1.0000'),
(503, '2023-01-01 20:11:02', 'a:1:{i:1;s:6:\"0.8000\";}', 'a:1:{i:1;s:1:\"1\";}', 1, '0.8000'),
(497, '2023-01-01 15:21:23', 'a:0:{}', 'a:1:{i:1;s:1:\"6\";}', 0, ''),
(498, '2023-01-01 15:21:31', 'a:1:{i:1;s:6:\"0.3200\";}', 'a:1:{i:1;s:1:\"4\";}', 1, '0.3200'),
(499, '2023-01-01 15:21:49', 'a:1:{i:1;s:6:\"0.1600\";}', 'a:1:{i:1;s:1:\"5\";}', 1, '0.1600'),
(500, '2023-01-01 15:22:11', 'a:0:{}', 'a:1:{i:1;s:1:\"6\";}', 0, ''),
(501, '2023-01-01 15:22:58', 'a:1:{i:1;s:6:\"0.8000\";}', 'a:1:{i:1;s:1:\"1\";}', 1, '0.8000'),
(502, '2023-01-01 15:23:22', 'a:1:{i:1;s:6:\"0.9680\";}', 'a:5:{i:1;s:1:\"1\";i:2;s:1:\"6\";i:3;s:1:\"6\";i:4;s:1:\"1\";i:5;s:1:\"1\";}', 1, '0.9680'),
(495, '2023-01-01 15:20:53', 'a:1:{i:1;s:6:\"0.8000\";}', 'a:1:{i:1;s:1:\"1\";}', 1, '0.8000'),
(496, '2023-01-01 15:21:03', 'a:0:{}', 'a:1:{i:1;s:1:\"6\";}', 0, ''),
(489, '2023-01-01 15:17:10', 'a:1:{i:1;s:6:\"0.8000\";}', 'a:1:{i:1;s:1:\"1\";}', 1, '0.8000'),
(490, '2023-01-01 15:17:39', 'a:1:{i:1;s:6:\"0.8000\";}', 'a:1:{i:1;s:1:\"1\";}', 1, '0.8000'),
(491, '2023-01-01 15:18:14', 'a:1:{i:1;s:6:\"0.8000\";}', 'a:1:{i:1;s:1:\"1\";}', 1, '0.8000'),
(492, '2023-01-01 15:19:08', 'a:0:{}', 'a:1:{i:1;s:1:\"6\";}', 0, ''),
(493, '2023-01-01 15:20:01', 'a:0:{}', 'a:1:{i:1;s:1:\"6\";}', 0, ''),
(494, '2023-01-01 15:20:39', 'a:0:{}', 'a:1:{i:1;s:1:\"6\";}', 0, ''),
(488, '2023-01-01 15:15:00', 'a:1:{i:1;s:6:\"0.6400\";}', 'a:1:{i:1;s:1:\"2\";}', 1, '0.6400'),
(487, '2023-01-01 15:13:13', 'a:1:{i:1;s:6:\"0.8000\";}', 'a:1:{i:1;s:1:\"1\";}', 1, '0.8000'),
(486, '2023-01-01 15:06:56', 'a:0:{}', 'a:0:{}', 0, ''),
(485, '2023-01-01 15:05:43', 'a:1:{i:1;s:6:\"0.9200\";}', 'a:2:{i:1;s:1:\"1\";i:2;s:1:\"1\";}', 1, '0.9200'),
(483, '2023-01-01 14:53:27', 'a:1:{i:1;s:6:\"0.8000\";}', 'a:1:{i:1;s:1:\"1\";}', 1, '0.8000'),
(484, '2023-01-01 15:03:33', 'a:1:{i:1;s:6:\"0.8000\";}', 'a:1:{i:1;s:1:\"1\";}', 1, '0.8000'),
(482, '2023-01-01 14:50:58', 'a:1:{i:1;s:6:\"0.8000\";}', 'a:1:{i:1;s:1:\"1\";}', 1, '0.8000'),
(480, '2023-01-01 14:37:09', 'a:0:{}', 'a:0:{}', 0, ''),
(481, '2023-01-01 14:37:22', 'a:1:{i:1;s:6:\"0.8000\";}', 'a:1:{i:1;s:1:\"1\";}', 1, '0.8000'),
(479, '2023-01-01 14:33:32', 'a:1:{i:1;s:6:\"0.8000\";}', 'a:1:{i:1;s:1:\"1\";}', 1, '0.8000'),
(478, '2023-01-01 14:25:44', 'a:1:{i:1;s:6:\"0.6400\";}', 'a:1:{i:1;s:1:\"2\";}', 1, '0.6400'),
(477, '2023-01-01 14:13:46', 'a:1:{i:1;s:6:\"0.9600\";}', 'a:2:{i:1;s:1:\"1\";i:7;s:1:\"1\";}', 1, '0.9600'),
(476, '2023-01-01 14:11:43', 'a:1:{i:1;s:6:\"0.6486\";}', 'a:3:{i:15;s:1:\"2\";i:21;s:1:\"4\";i:24;s:1:\"3\";}', 1, '0.6486'),
(475, '2023-01-01 14:11:05', 'a:0:{}', 'a:0:{}', 0, ''),
(474, '2023-01-01 14:10:35', 'a:0:{}', 'a:0:{}', 0, ''),
(473, '2023-01-01 14:07:56', 'a:0:{}', 'a:0:{}', 0, ''),
(471, '2023-01-01 14:05:18', 'a:1:{i:1;s:6:\"0.8000\";}', 'a:1:{i:1;s:1:\"1\";}', 1, '0.8000'),
(472, '2023-01-01 14:06:20', 'a:1:{i:1;s:6:\"0.8000\";}', 'a:1:{i:1;s:1:\"1\";}', 1, '0.8000'),
(470, '2023-01-01 14:04:40', 'a:0:{}', 'a:0:{}', 0, ''),
(575, '2023-01-04 15:56:01', 'a:2:{i:1;s:6:\"1.0000\";i:2;s:6:\"1.0000\";}', 'a:25:{i:1;s:1:\"1\";i:2;s:1:\"1\";i:3;s:1:\"1\";i:4;s:1:\"1\";i:5;s:1:\"1\";i:6;s:1:\"1\";i:7;s:1:\"1\";i:8;s:1:\"1\";i:9;s:1:\"1\";i:10;s:1:\"1\";i:11;s:1:\"1\";i:12;s:1:\"1\";i:13;s:1:\"1\";i:14;s:1:\"1\";i:15;s:1:\"1\";i:16;s:1:\"1\";i:17;s:1:\"1\";i:18;s:1:\"1\";i:19;s:1:\"1\";i:20;s:1:\"1\";i:21;s:1:\"1\";i:22;s:1:\"1\";i:23;s:1:\"1\";i:24;s:1:\"1\";i:25;s:1:\"1\";}', 2, '1.0000'),
(576, '2023-01-04 15:57:03', 'a:2:{i:1;s:6:\"1.0000\";i:2;s:6:\"1.0000\";}', 'a:25:{i:1;s:1:\"2\";i:2;s:1:\"2\";i:3;s:1:\"2\";i:4;s:1:\"2\";i:5;s:1:\"2\";i:6;s:1:\"1\";i:7;s:1:\"1\";i:8;s:1:\"1\";i:9;s:1:\"1\";i:10;s:1:\"1\";i:11;s:1:\"1\";i:12;s:1:\"1\";i:13;s:1:\"1\";i:14;s:1:\"1\";i:15;s:1:\"1\";i:16;s:1:\"1\";i:17;s:1:\"1\";i:18;s:1:\"1\";i:19;s:1:\"1\";i:20;s:1:\"1\";i:21;s:1:\"1\";i:22;s:1:\"1\";i:23;s:1:\"1\";i:24;s:1:\"1\";i:25;s:1:\"1\";}', 1, '1.0000'),
(577, '2023-01-04 16:03:18', 'a:2:{i:1;s:6:\"1.0000\";i:2;s:6:\"0.9995\";}', 'a:25:{i:1;s:1:\"1\";i:2;s:1:\"2\";i:3;s:1:\"2\";i:4;s:1:\"1\";i:5;s:1:\"2\";i:6;s:1:\"2\";i:7;s:1:\"2\";i:8;s:1:\"2\";i:9;s:1:\"1\";i:10;s:1:\"2\";i:11;s:1:\"1\";i:12;s:1:\"2\";i:13;s:1:\"1\";i:14;s:1:\"2\";i:15;s:1:\"2\";i:16;s:1:\"1\";i:17;s:1:\"1\";i:18;s:1:\"2\";i:19;s:1:\"2\";i:20;s:1:\"2\";i:21;s:1:\"2\";i:22;s:1:\"2\";i:23;s:1:\"2\";i:24;s:1:\"1\";i:25;s:1:\"1\";}', 1, '1.0000'),
(578, '2023-01-04 16:09:33', 'a:2:{i:1;s:6:\"0.8000\";i:2;s:6:\"0.8000\";}', 'a:1:{i:1;s:1:\"1\";}', 1, '0.8000'),
(579, '2023-01-04 16:12:19', 'a:2:{i:1;s:6:\"0.8000\";i:2;s:6:\"0.8000\";}', 'a:1:{i:1;s:1:\"1\";}', 1, '0.8000'),
(580, '2023-01-04 16:12:28', 'a:0:{}', 'a:0:{}', 0, ''),
(581, '2023-01-04 16:12:44', 'a:0:{}', 'a:0:{}', 0, ''),
(582, '2023-01-04 16:15:19', 'a:0:{}', 'a:0:{}', 0, ''),
(583, '2023-01-04 16:18:13', 'a:2:{i:1;s:6:\"0.8000\";i:2;s:6:\"0.8000\";}', 'a:1:{i:1;s:1:\"1\";}', 1, '0.8000'),
(584, '2023-01-04 16:26:15', 'a:2:{i:1;s:6:\"1.0000\";i:2;s:6:\"1.0000\";}', 'a:4:{i:3;s:1:\"1\";i:4;s:1:\"1\";i:5;s:1:\"1\";i:6;s:1:\"1\";}', 1, '1.0000'),
(585, '2023-01-04 16:26:59', 'a:2:{i:1;s:6:\"0.9808\";i:2;s:6:\"0.9808\";}', 'a:4:{i:20;s:1:\"1\";i:21;s:1:\"1\";i:22;s:1:\"1\";i:23;s:1:\"1\";}', 1, '0.9808'),
(586, '2023-01-05 10:45:16', 'a:2:{i:1;s:6:\"0.9200\";i:2;s:6:\"0.9200\";}', 'a:2:{i:1;s:1:\"1\";i:2;s:1:\"1\";}', 1, '0.9200'),
(587, '2023-01-05 10:45:41', 'a:2:{i:1;s:6:\"0.8000\";i:2;s:6:\"0.8000\";}', 'a:1:{i:1;s:1:\"1\";}', 1, '0.8000'),
(588, '2023-01-05 10:51:29', 'a:2:{i:1;s:6:\"0.8000\";i:2;s:6:\"0.8000\";}', 'a:1:{i:1;s:1:\"1\";}', 1, '0.8000'),
(589, '2023-01-05 11:15:27', 'a:0:{}', 'a:0:{}', 0, ''),
(590, '2023-01-05 11:35:11', 'a:0:{}', 'a:0:{}', 0, ''),
(591, '2023-01-05 11:36:02', 'a:0:{}', 'a:0:{}', 0, ''),
(592, '2023-01-05 11:36:27', 'a:0:{}', 'a:0:{}', 0, ''),
(593, '2023-01-05 11:36:59', 'a:0:{}', 'a:0:{}', 0, ''),
(594, '2023-01-05 11:37:40', 'a:0:{}', 'a:0:{}', 0, ''),
(595, '2023-01-05 11:44:21', 'a:2:{i:1;s:6:\"1.0000\";i:2;s:6:\"1.0000\";}', 'a:25:{i:1;s:1:\"1\";i:2;s:1:\"1\";i:3;s:1:\"1\";i:4;s:1:\"1\";i:5;s:1:\"1\";i:6;s:1:\"1\";i:7;s:1:\"1\";i:8;s:1:\"1\";i:9;s:1:\"1\";i:10;s:1:\"1\";i:11;s:1:\"1\";i:12;s:1:\"1\";i:13;s:1:\"1\";i:14;s:1:\"1\";i:15;s:1:\"1\";i:16;s:1:\"1\";i:17;s:1:\"1\";i:18;s:1:\"1\";i:19;s:1:\"1\";i:20;s:1:\"1\";i:21;s:1:\"1\";i:22;s:1:\"1\";i:23;s:1:\"1\";i:24;s:1:\"1\";i:25;s:1:\"1\";}', 2, '1.0000'),
(596, '2023-01-05 11:45:48', 'a:0:{}', 'a:0:{}', 0, ''),
(597, '2023-01-05 11:46:53', 'a:0:{}', 'a:0:{}', 0, ''),
(598, '2023-01-05 11:47:54', 'a:0:{}', 'a:0:{}', 0, ''),
(599, '2023-01-05 11:48:10', 'a:0:{}', 'a:0:{}', 0, ''),
(600, '2023-01-05 11:51:54', 'a:2:{i:1;s:6:\"0.8400\";i:2;s:6:\"0.8400\";}', 'a:25:{i:1;s:1:\"2\";i:2;s:1:\"2\";i:3;s:1:\"1\";i:4;s:1:\"2\";i:5;s:1:\"1\";i:6;s:1:\"2\";i:7;s:1:\"2\";i:8;s:1:\"2\";i:9;s:1:\"2\";i:10;s:1:\"2\";i:11;s:1:\"2\";i:12;s:1:\"2\";i:13;s:1:\"2\";i:14;s:1:\"2\";i:15;s:1:\"2\";i:16;s:1:\"2\";i:17;s:1:\"2\";i:18;s:1:\"2\";i:19;s:1:\"2\";i:20;s:1:\"2\";i:21;s:1:\"2\";i:22;s:1:\"2\";i:23;s:1:\"2\";i:24;s:1:\"2\";i:25;s:1:\"2\";}', 1, '0.8400'),
(601, '2023-01-05 15:35:51', 'a:2:{i:1;s:6:\"0.8000\";i:2;s:6:\"0.8000\";}', 'a:1:{i:1;s:1:\"1\";}', 1, '0.8000'),
(602, '2023-01-05 15:36:54', 'a:2:{i:1;s:6:\"1.0000\";i:2;s:6:\"1.0000\";}', 'a:25:{i:1;s:1:\"1\";i:2;s:1:\"1\";i:3;s:1:\"1\";i:4;s:1:\"1\";i:5;s:1:\"1\";i:6;s:1:\"1\";i:7;s:1:\"1\";i:8;s:1:\"1\";i:9;s:1:\"1\";i:10;s:1:\"1\";i:11;s:1:\"1\";i:12;s:1:\"1\";i:13;s:1:\"1\";i:14;s:1:\"1\";i:15;s:1:\"1\";i:16;s:1:\"1\";i:17;s:1:\"1\";i:18;s:1:\"1\";i:19;s:1:\"1\";i:20;s:1:\"1\";i:21;s:1:\"1\";i:22;s:1:\"1\";i:23;s:1:\"1\";i:24;s:1:\"1\";i:25;s:1:\"1\";}', 2, '1.0000'),
(603, '2023-01-05 15:41:47', 'a:2:{i:1;s:6:\"0.8000\";i:2;s:6:\"0.8000\";}', 'a:1:{i:1;s:1:\"1\";}', 1, '0.8000'),
(604, '2023-01-05 16:15:19', 'a:0:{}', 'a:25:{i:1;s:1:\"2\";i:2;s:1:\"2\";i:3;s:1:\"2\";i:4;s:1:\"2\";i:5;s:1:\"2\";i:6;s:1:\"2\";i:7;s:1:\"2\";i:8;s:1:\"2\";i:9;s:1:\"2\";i:10;s:1:\"2\";i:11;s:1:\"2\";i:12;s:1:\"2\";i:13;s:1:\"2\";i:14;s:1:\"2\";i:15;s:1:\"2\";i:16;s:1:\"2\";i:17;s:1:\"2\";i:18;s:1:\"2\";i:19;s:1:\"2\";i:20;s:1:\"2\";i:21;s:1:\"2\";i:22;s:1:\"2\";i:23;s:1:\"2\";i:24;s:1:\"2\";i:25;s:1:\"2\";}', 0, ''),
(605, '2023-01-06 07:13:10', 'a:2:{i:1;s:6:\"0.8800\";i:2;s:6:\"0.8800\";}', 'a:25:{i:1;s:1:\"1\";i:2;s:1:\"2\";i:3;s:1:\"2\";i:4;s:1:\"2\";i:5;s:1:\"2\";i:6;s:1:\"2\";i:7;s:1:\"2\";i:8;s:1:\"2\";i:9;s:1:\"2\";i:10;s:1:\"2\";i:11;s:1:\"2\";i:12;s:1:\"2\";i:13;s:1:\"2\";i:14;s:1:\"2\";i:15;s:1:\"2\";i:16;s:1:\"2\";i:17;s:1:\"2\";i:18;s:1:\"2\";i:19;s:1:\"2\";i:20;s:1:\"2\";i:21;s:1:\"2\";i:22;s:1:\"2\";i:23;s:1:\"2\";i:24;s:1:\"2\";i:25;s:1:\"1\";}', 1, '0.8800'),
(606, '2023-01-06 14:32:39', 'a:2:{i:1;s:6:\"0.8000\";i:2;s:6:\"0.8000\";}', 'a:25:{i:1;s:1:\"1\";i:2;s:1:\"2\";i:3;s:1:\"2\";i:4;s:1:\"2\";i:5;s:1:\"2\";i:6;s:1:\"2\";i:7;s:1:\"2\";i:8;s:1:\"2\";i:9;s:1:\"2\";i:10;s:1:\"2\";i:11;s:1:\"2\";i:12;s:1:\"2\";i:13;s:1:\"2\";i:14;s:1:\"2\";i:15;s:1:\"2\";i:16;s:1:\"2\";i:17;s:1:\"2\";i:18;s:1:\"2\";i:19;s:1:\"2\";i:20;s:1:\"2\";i:21;s:1:\"2\";i:22;s:1:\"2\";i:23;s:1:\"2\";i:24;s:1:\"2\";i:25;s:1:\"2\";}', 1, '0.8000'),
(607, '2023-01-06 14:33:41', 'a:2:{i:1;s:6:\"0.9200\";i:2;s:6:\"0.9200\";}', 'a:25:{i:1;s:1:\"1\";i:2;s:1:\"1\";i:3;s:1:\"2\";i:4;s:1:\"2\";i:5;s:1:\"2\";i:6;s:1:\"2\";i:7;s:1:\"2\";i:8;s:1:\"2\";i:9;s:1:\"2\";i:10;s:1:\"2\";i:11;s:1:\"2\";i:12;s:1:\"2\";i:13;s:1:\"2\";i:14;s:1:\"2\";i:15;s:1:\"2\";i:16;s:1:\"2\";i:17;s:1:\"2\";i:18;s:1:\"2\";i:19;s:1:\"2\";i:20;s:1:\"2\";i:21;s:1:\"2\";i:22;s:1:\"2\";i:23;s:1:\"2\";i:24;s:1:\"2\";i:25;s:1:\"2\";}', 1, '0.9200'),
(608, '2023-01-08 14:01:44', 'a:2:{i:1;s:6:\"0.8000\";i:2;s:6:\"0.8000\";}', 'a:25:{i:1;s:1:\"1\";i:2;s:1:\"2\";i:3;s:1:\"2\";i:4;s:1:\"2\";i:5;s:1:\"2\";i:6;s:1:\"2\";i:7;s:1:\"2\";i:8;s:1:\"2\";i:9;s:1:\"2\";i:10;s:1:\"2\";i:11;s:1:\"2\";i:12;s:1:\"2\";i:13;s:1:\"2\";i:14;s:1:\"2\";i:15;s:1:\"2\";i:16;s:1:\"2\";i:17;s:1:\"2\";i:18;s:1:\"2\";i:19;s:1:\"2\";i:20;s:1:\"2\";i:21;s:1:\"2\";i:22;s:1:\"2\";i:23;s:1:\"2\";i:24;s:1:\"2\";i:25;s:1:\"2\";}', 1, '0.8000'),
(609, '2023-01-08 16:40:07', 'a:0:{}', 'a:25:{i:1;s:1:\"2\";i:2;s:1:\"2\";i:3;s:1:\"2\";i:4;s:1:\"2\";i:5;s:1:\"2\";i:6;s:1:\"2\";i:7;s:1:\"2\";i:8;s:1:\"2\";i:9;s:1:\"2\";i:10;s:1:\"2\";i:11;s:1:\"2\";i:12;s:1:\"2\";i:13;s:1:\"2\";i:14;s:1:\"2\";i:15;s:1:\"2\";i:16;s:1:\"2\";i:17;s:1:\"2\";i:18;s:1:\"2\";i:19;s:1:\"2\";i:20;s:1:\"2\";i:21;s:1:\"2\";i:22;s:1:\"2\";i:23;s:1:\"2\";i:24;s:1:\"2\";i:25;s:1:\"2\";}', 0, ''),
(610, '2023-01-11 14:58:27', 'a:2:{i:1;s:6:\"0.9200\";i:2;s:6:\"0.9200\";}', 'a:25:{i:1;s:1:\"1\";i:2;s:1:\"1\";i:3;s:1:\"2\";i:4;s:1:\"2\";i:5;s:1:\"2\";i:6;s:1:\"2\";i:7;s:1:\"2\";i:8;s:1:\"2\";i:9;s:1:\"2\";i:10;s:1:\"2\";i:11;s:1:\"2\";i:12;s:1:\"2\";i:13;s:1:\"2\";i:14;s:1:\"2\";i:15;s:1:\"2\";i:16;s:1:\"2\";i:17;s:1:\"2\";i:18;s:1:\"2\";i:19;s:1:\"2\";i:20;s:1:\"2\";i:21;s:1:\"2\";i:22;s:1:\"2\";i:23;s:1:\"2\";i:24;s:1:\"2\";i:25;s:1:\"2\";}', 1, '0.9200'),
(611, '2023-01-12 13:04:21', 'a:2:{i:1;s:6:\"0.9712\";i:2;s:6:\"0.9712\";}', 'a:25:{i:1;s:1:\"2\";i:2;s:1:\"2\";i:3;s:1:\"2\";i:4;s:1:\"2\";i:5;s:1:\"1\";i:6;s:1:\"2\";i:7;s:1:\"1\";i:8;s:1:\"2\";i:9;s:1:\"2\";i:10;s:1:\"2\";i:11;s:1:\"2\";i:12;s:1:\"2\";i:13;s:1:\"2\";i:14;s:1:\"2\";i:15;s:1:\"1\";i:16;s:1:\"2\";i:17;s:1:\"1\";i:18;s:1:\"2\";i:19;s:1:\"2\";i:20;s:1:\"2\";i:21;s:1:\"2\";i:22;s:1:\"2\";i:23;s:1:\"2\";i:24;s:1:\"2\";i:25;s:1:\"2\";}', 1, '0.9712'),
(612, '2023-01-12 15:06:41', 'a:2:{i:1;s:6:\"0.9904\";i:2;s:6:\"0.9904\";}', 'a:25:{i:1;s:1:\"1\";i:2;s:1:\"1\";i:3;s:1:\"2\";i:4;s:1:\"2\";i:5;s:1:\"2\";i:6;s:1:\"2\";i:7;s:1:\"2\";i:8;s:1:\"2\";i:9;s:1:\"2\";i:10;s:1:\"1\";i:11;s:1:\"2\";i:12;s:1:\"2\";i:13;s:1:\"2\";i:14;s:1:\"2\";i:15;s:1:\"2\";i:16;s:1:\"2\";i:17;s:1:\"2\";i:18;s:1:\"2\";i:19;s:1:\"2\";i:20;s:1:\"2\";i:21;s:1:\"2\";i:22;s:1:\"2\";i:23;s:1:\"2\";i:24;s:1:\"2\";i:25;s:1:\"1\";}', 1, '0.9904'),
(613, '2023-01-12 15:55:22', 'a:2:{i:1;s:6:\"0.8800\";i:2;s:6:\"0.8800\";}', 'a:25:{i:1;s:1:\"1\";i:2;s:1:\"2\";i:3;s:1:\"2\";i:4;s:1:\"2\";i:5;s:1:\"2\";i:6;s:1:\"2\";i:7;s:1:\"2\";i:8;s:1:\"2\";i:9;s:1:\"2\";i:10;s:1:\"2\";i:11;s:1:\"2\";i:12;s:1:\"2\";i:13;s:1:\"2\";i:14;s:1:\"2\";i:15;s:1:\"2\";i:16;s:1:\"2\";i:17;s:1:\"1\";i:18;s:1:\"2\";i:19;s:1:\"2\";i:20;s:1:\"2\";i:21;s:1:\"2\";i:22;s:1:\"2\";i:23;s:1:\"2\";i:24;s:1:\"2\";i:25;s:1:\"2\";}', 1, '0.8800'),
(614, '2023-01-13 15:49:08', 'a:2:{i:1;s:6:\"0.8800\";i:2;s:6:\"0.8800\";}', 'a:25:{i:1;s:1:\"1\";i:2;s:1:\"2\";i:3;s:1:\"2\";i:4;s:1:\"2\";i:5;s:1:\"2\";i:6;s:1:\"2\";i:7;s:1:\"2\";i:8;s:1:\"2\";i:9;s:1:\"2\";i:10;s:1:\"2\";i:11;s:1:\"2\";i:12;s:1:\"2\";i:13;s:1:\"2\";i:14;s:1:\"2\";i:15;s:1:\"2\";i:16;s:1:\"2\";i:17;s:1:\"2\";i:18;s:1:\"2\";i:19;s:1:\"2\";i:20;s:1:\"2\";i:21;s:1:\"2\";i:22;s:1:\"2\";i:23;s:1:\"2\";i:24;s:1:\"1\";i:25;s:1:\"2\";}', 1, '0.8800'),
(615, '2023-01-15 12:47:38', 'a:0:{}', 'a:25:{i:1;s:1:\"2\";i:2;s:1:\"2\";i:3;s:1:\"2\";i:4;s:1:\"2\";i:5;s:1:\"2\";i:6;s:1:\"2\";i:7;s:1:\"2\";i:8;s:1:\"2\";i:9;s:1:\"2\";i:10;s:1:\"2\";i:11;s:1:\"2\";i:12;s:1:\"2\";i:13;s:1:\"2\";i:14;s:1:\"2\";i:15;s:1:\"2\";i:16;s:1:\"2\";i:17;s:1:\"2\";i:18;s:1:\"2\";i:19;s:1:\"2\";i:20;s:1:\"2\";i:21;s:1:\"2\";i:22;s:1:\"2\";i:23;s:1:\"2\";i:24;s:1:\"2\";i:25;s:1:\"2\";}', 0, ''),
(616, '2023-01-15 15:48:35', 'a:2:{i:1;s:6:\"0.8000\";i:2;s:6:\"0.8000\";}', 'a:25:{i:1;s:1:\"1\";i:2;s:1:\"2\";i:3;s:1:\"2\";i:4;s:1:\"2\";i:5;s:1:\"2\";i:6;s:1:\"2\";i:7;s:1:\"2\";i:8;s:1:\"2\";i:9;s:1:\"2\";i:10;s:1:\"2\";i:11;s:1:\"2\";i:12;s:1:\"2\";i:13;s:1:\"2\";i:14;s:1:\"2\";i:15;s:1:\"2\";i:16;s:1:\"2\";i:17;s:1:\"2\";i:18;s:1:\"2\";i:19;s:1:\"2\";i:20;s:1:\"2\";i:21;s:1:\"2\";i:22;s:1:\"2\";i:23;s:1:\"2\";i:24;s:1:\"2\";i:25;s:1:\"2\";}', 1, '0.8000'),
(617, '2023-01-17 12:29:37', 'a:2:{i:1;s:6:\"1.0000\";i:2;s:6:\"1.0000\";}', 'a:25:{i:1;s:1:\"1\";i:2;s:1:\"2\";i:3;s:1:\"2\";i:4;s:1:\"2\";i:5;s:1:\"2\";i:6;s:1:\"2\";i:7;s:1:\"2\";i:8;s:1:\"1\";i:9;s:1:\"2\";i:10;s:1:\"2\";i:11;s:1:\"2\";i:12;s:1:\"2\";i:13;s:1:\"2\";i:14;s:1:\"2\";i:15;s:1:\"2\";i:16;s:1:\"2\";i:17;s:1:\"2\";i:18;s:1:\"2\";i:19;s:1:\"2\";i:20;s:1:\"2\";i:21;s:1:\"2\";i:22;s:1:\"2\";i:23;s:1:\"2\";i:24;s:1:\"2\";i:25;s:1:\"2\";}', 1, '1.0000'),
(618, '2023-01-17 12:31:17', 'a:2:{i:1;s:6:\"0.6400\";i:2;s:6:\"0.6400\";}', 'a:25:{i:1;s:1:\"2\";i:2;s:1:\"2\";i:3;s:1:\"2\";i:4;s:1:\"2\";i:5;s:1:\"2\";i:6;s:1:\"2\";i:7;s:1:\"2\";i:8;s:1:\"2\";i:9;s:1:\"2\";i:10;s:1:\"2\";i:11;s:1:\"2\";i:12;s:1:\"2\";i:13;s:1:\"2\";i:14;s:1:\"2\";i:15;s:1:\"2\";i:16;s:1:\"2\";i:17;s:1:\"2\";i:18;s:1:\"2\";i:19;s:1:\"2\";i:20;s:1:\"2\";i:21;s:1:\"2\";i:22;s:1:\"2\";i:23;s:1:\"2\";i:24;s:1:\"1\";i:25;s:1:\"1\";}', 1, '0.6400'),
(619, '2023-01-17 12:41:29', 'a:2:{i:1;s:6:\"0.9200\";i:2;s:6:\"0.9200\";}', 'a:25:{i:1;s:1:\"1\";i:2;s:1:\"1\";i:3;s:1:\"2\";i:4;s:1:\"2\";i:5;s:1:\"2\";i:6;s:1:\"2\";i:7;s:1:\"2\";i:8;s:1:\"2\";i:9;s:1:\"2\";i:10;s:1:\"2\";i:11;s:1:\"2\";i:12;s:1:\"2\";i:13;s:1:\"2\";i:14;s:1:\"2\";i:15;s:1:\"2\";i:16;s:1:\"2\";i:17;s:1:\"2\";i:18;s:1:\"2\";i:19;s:1:\"2\";i:20;s:1:\"2\";i:21;s:1:\"2\";i:22;s:1:\"2\";i:23;s:1:\"2\";i:24;s:1:\"2\";i:25;s:1:\"2\";}', 1, '0.9200'),
(620, '2023-01-17 13:34:36', 'a:2:{i:1;s:6:\"0.9200\";i:2;s:6:\"0.9200\";}', 'a:25:{i:1;s:1:\"1\";i:2;s:1:\"1\";i:3;s:1:\"2\";i:4;s:1:\"2\";i:5;s:1:\"2\";i:6;s:1:\"2\";i:7;s:1:\"2\";i:8;s:1:\"2\";i:9;s:1:\"2\";i:10;s:1:\"2\";i:11;s:1:\"2\";i:12;s:1:\"2\";i:13;s:1:\"2\";i:14;s:1:\"2\";i:15;s:1:\"2\";i:16;s:1:\"2\";i:17;s:1:\"2\";i:18;s:1:\"2\";i:19;s:1:\"2\";i:20;s:1:\"2\";i:21;s:1:\"2\";i:22;s:1:\"2\";i:23;s:1:\"2\";i:24;s:1:\"2\";i:25;s:1:\"2\";}', 1, '0.9200'),
(621, '2023-01-17 13:39:35', 'a:2:{i:1;s:6:\"0.9200\";i:2;s:6:\"0.9200\";}', 'a:25:{i:1;s:1:\"2\";i:2;s:1:\"2\";i:3;s:1:\"2\";i:4;s:1:\"2\";i:5;s:1:\"2\";i:6;s:1:\"2\";i:7;s:1:\"2\";i:8;s:1:\"2\";i:9;s:1:\"2\";i:10;s:1:\"2\";i:11;s:1:\"2\";i:12;s:1:\"2\";i:13;s:1:\"2\";i:14;s:1:\"2\";i:15;s:1:\"2\";i:16;s:1:\"2\";i:17;s:1:\"2\";i:18;s:1:\"2\";i:19;s:1:\"2\";i:20;s:1:\"1\";i:21;s:1:\"1\";i:22;s:1:\"2\";i:23;s:1:\"2\";i:24;s:1:\"2\";i:25;s:1:\"2\";}', 1, '0.9200'),
(622, '2023-01-17 13:46:31', 'a:2:{i:1;s:6:\"0.7840\";i:2;s:6:\"0.7840\";}', 'a:25:{i:1;s:1:\"2\";i:2;s:1:\"2\";i:3;s:1:\"2\";i:4;s:1:\"2\";i:5;s:1:\"2\";i:6;s:1:\"2\";i:7;s:1:\"2\";i:8;s:1:\"2\";i:9;s:1:\"2\";i:10;s:1:\"2\";i:11;s:1:\"2\";i:12;s:1:\"2\";i:13;s:1:\"2\";i:14;s:1:\"2\";i:15;s:1:\"2\";i:16;s:1:\"2\";i:17;s:1:\"2\";i:18;s:1:\"2\";i:19;s:1:\"2\";i:20;s:1:\"2\";i:21;s:1:\"2\";i:22;s:1:\"2\";i:23;s:1:\"1\";i:24;s:1:\"1\";i:25;s:1:\"1\";}', 1, '0.7840'),
(623, '2023-01-18 12:24:50', 'a:1:{i:2;s:6:\"0.4000\";}', 'a:25:{i:1;s:1:\"2\";i:2;s:1:\"2\";i:3;s:1:\"2\";i:4;s:1:\"2\";i:5;s:1:\"2\";i:6;s:1:\"2\";i:7;s:1:\"2\";i:8;s:1:\"2\";i:9;s:1:\"2\";i:10;s:1:\"2\";i:11;s:1:\"2\";i:12;s:1:\"2\";i:13;s:1:\"1\";i:14;s:1:\"2\";i:15;s:1:\"2\";i:16;s:1:\"2\";i:17;s:1:\"2\";i:18;s:1:\"2\";i:19;s:1:\"2\";i:20;s:1:\"2\";i:21;s:1:\"2\";i:22;s:1:\"2\";i:23;s:1:\"2\";i:24;s:1:\"2\";i:25;s:1:\"2\";}', 2, '0.4000'),
(624, '2023-01-18 12:26:07', 'a:1:{i:2;s:6:\"0.4000\";}', 'a:25:{i:1;s:1:\"2\";i:2;s:1:\"2\";i:3;s:1:\"2\";i:4;s:1:\"2\";i:5;s:1:\"2\";i:6;s:1:\"2\";i:7;s:1:\"2\";i:8;s:1:\"2\";i:9;s:1:\"2\";i:10;s:1:\"2\";i:11;s:1:\"2\";i:12;s:1:\"2\";i:13;s:1:\"1\";i:14;s:1:\"2\";i:15;s:1:\"2\";i:16;s:1:\"2\";i:17;s:1:\"2\";i:18;s:1:\"2\";i:19;s:1:\"2\";i:20;s:1:\"2\";i:21;s:1:\"2\";i:22;s:1:\"2\";i:23;s:1:\"2\";i:24;s:1:\"2\";i:25;s:1:\"2\";}', 2, '0.4000'),
(625, '2023-01-18 12:29:13', 'a:0:{}', 'a:25:{i:1;s:1:\"2\";i:2;s:1:\"2\";i:3;s:1:\"2\";i:4;s:1:\"2\";i:5;s:1:\"2\";i:6;s:1:\"2\";i:7;s:1:\"2\";i:8;s:1:\"2\";i:9;s:1:\"2\";i:10;s:1:\"2\";i:11;s:1:\"2\";i:12;s:1:\"2\";i:13;s:1:\"1\";i:14;s:1:\"2\";i:15;s:1:\"2\";i:16;s:1:\"2\";i:17;s:1:\"2\";i:18;s:1:\"2\";i:19;s:1:\"2\";i:20;s:1:\"2\";i:21;s:1:\"2\";i:22;s:1:\"2\";i:23;s:1:\"2\";i:24;s:1:\"2\";i:25;s:1:\"2\";}', 0, ''),
(626, '2023-01-18 12:35:34', 'a:2:{i:1;s:6:\"0.8000\";i:2;s:6:\"0.8000\";}', 'a:25:{i:1;s:1:\"1\";i:2;s:1:\"2\";i:3;s:1:\"2\";i:4;s:1:\"2\";i:5;s:1:\"2\";i:6;s:1:\"2\";i:7;s:1:\"2\";i:8;s:1:\"2\";i:9;s:1:\"2\";i:10;s:1:\"2\";i:11;s:1:\"2\";i:12;s:1:\"2\";i:13;s:1:\"2\";i:14;s:1:\"2\";i:15;s:1:\"2\";i:16;s:1:\"2\";i:17;s:1:\"2\";i:18;s:1:\"2\";i:19;s:1:\"2\";i:20;s:1:\"2\";i:21;s:1:\"2\";i:22;s:1:\"2\";i:23;s:1:\"2\";i:24;s:1:\"2\";i:25;s:1:\"2\";}', 1, '0.8000'),
(627, '2023-01-18 15:59:12', 'a:2:{i:1;s:6:\"0.8000\";i:2;s:6:\"0.8000\";}', 'a:25:{i:1;s:1:\"1\";i:2;s:1:\"2\";i:3;s:1:\"2\";i:4;s:1:\"2\";i:5;s:1:\"2\";i:6;s:1:\"2\";i:7;s:1:\"2\";i:8;s:1:\"2\";i:9;s:1:\"2\";i:10;s:1:\"2\";i:11;s:1:\"2\";i:12;s:1:\"2\";i:13;s:1:\"2\";i:14;s:1:\"2\";i:15;s:1:\"2\";i:16;s:1:\"2\";i:17;s:1:\"2\";i:18;s:1:\"2\";i:19;s:1:\"2\";i:20;s:1:\"2\";i:21;s:1:\"2\";i:22;s:1:\"2\";i:23;s:1:\"2\";i:24;s:1:\"2\";i:25;s:1:\"2\";}', 1, '0.8000'),
(628, '2023-01-18 17:52:38', 'a:2:{i:1;s:6:\"0.8000\";i:2;s:6:\"0.8000\";}', 'a:25:{i:1;s:1:\"1\";i:2;s:1:\"2\";i:3;s:1:\"2\";i:4;s:1:\"2\";i:5;s:1:\"2\";i:6;s:1:\"2\";i:7;s:1:\"2\";i:8;s:1:\"2\";i:9;s:1:\"2\";i:10;s:1:\"2\";i:11;s:1:\"2\";i:12;s:1:\"2\";i:13;s:1:\"2\";i:14;s:1:\"2\";i:15;s:1:\"2\";i:16;s:1:\"2\";i:17;s:1:\"2\";i:18;s:1:\"2\";i:19;s:1:\"2\";i:20;s:1:\"2\";i:21;s:1:\"2\";i:22;s:1:\"2\";i:23;s:1:\"2\";i:24;s:1:\"2\";i:25;s:1:\"2\";}', 1, '0.8000'),
(629, '2023-01-18 17:53:30', 'a:0:{}', 'a:25:{i:1;s:1:\"2\";i:2;s:1:\"2\";i:3;s:1:\"2\";i:4;s:1:\"2\";i:5;s:1:\"2\";i:6;s:1:\"2\";i:7;s:1:\"2\";i:8;s:1:\"2\";i:9;s:1:\"2\";i:10;s:1:\"2\";i:11;s:1:\"2\";i:12;s:1:\"2\";i:13;s:1:\"2\";i:14;s:1:\"2\";i:15;s:1:\"2\";i:16;s:1:\"2\";i:17;s:1:\"2\";i:18;s:1:\"2\";i:19;s:1:\"2\";i:20;s:1:\"2\";i:21;s:1:\"2\";i:22;s:1:\"2\";i:23;s:1:\"2\";i:24;s:1:\"2\";i:25;s:1:\"2\";}', 0, ''),
(630, '2023-01-18 17:55:20', 'a:0:{}', 'a:25:{i:1;s:1:\"2\";i:2;s:1:\"2\";i:3;s:1:\"2\";i:4;s:1:\"2\";i:5;s:1:\"2\";i:6;s:1:\"2\";i:7;s:1:\"2\";i:8;s:1:\"2\";i:9;s:1:\"2\";i:10;s:1:\"2\";i:11;s:1:\"2\";i:12;s:1:\"2\";i:13;s:1:\"2\";i:14;s:1:\"2\";i:15;s:1:\"2\";i:16;s:1:\"2\";i:17;s:1:\"2\";i:18;s:1:\"2\";i:19;s:1:\"2\";i:20;s:1:\"2\";i:21;s:1:\"2\";i:22;s:1:\"2\";i:23;s:1:\"2\";i:24;s:1:\"2\";i:25;s:1:\"2\";}', 0, ''),
(631, '2023-01-18 17:57:17', 'a:0:{}', 'a:25:{i:1;s:1:\"2\";i:2;s:1:\"2\";i:3;s:1:\"2\";i:4;s:1:\"2\";i:5;s:1:\"2\";i:6;s:1:\"2\";i:7;s:1:\"2\";i:8;s:1:\"2\";i:9;s:1:\"2\";i:10;s:1:\"2\";i:11;s:1:\"2\";i:12;s:1:\"2\";i:13;s:1:\"1\";i:14;s:1:\"2\";i:15;s:1:\"2\";i:16;s:1:\"2\";i:17;s:1:\"2\";i:18;s:1:\"2\";i:19;s:1:\"2\";i:20;s:1:\"2\";i:21;s:1:\"2\";i:22;s:1:\"2\";i:23;s:1:\"2\";i:24;s:1:\"2\";i:25;s:1:\"2\";}', 0, ''),
(632, '2023-01-18 18:03:18', 'a:2:{i:1;s:6:\"0.6000\";i:2;s:6:\"0.6000\";}', 'a:1:{i:2;s:1:\"1\";}', 1, '0.6000'),
(633, '2023-01-18 18:04:05', 'a:0:{}', 'a:2:{i:12;s:1:\"2\";i:13;s:1:\"1\";}', 0, ''),
(634, '2023-01-20 15:24:11', 'a:0:{}', 'a:0:{}', 0, ''),
(635, '2023-01-20 15:24:36', 'a:2:{i:1;s:6:\"0.9680\";i:2;s:6:\"0.9680\";}', 'a:3:{i:1;s:1:\"1\";i:2;s:1:\"1\";i:5;s:1:\"1\";}', 1, '0.9680'),
(636, '2023-01-20 15:25:36', 'a:2:{i:1;s:6:\"0.8000\";i:2;s:6:\"0.8000\";}', 'a:1:{i:1;s:1:\"1\";}', 1, '0.8000'),
(637, '2023-01-20 15:27:39', 'a:2:{i:2;s:6:\"1.0000\";i:1;s:6:\"0.9616\";}', 'a:4:{i:2;s:1:\"1\";i:4;s:1:\"1\";i:6;s:1:\"1\";i:17;s:1:\"1\";}', 2, '1.0000'),
(638, '2023-01-20 15:28:35', 'a:2:{i:1;s:6:\"0.7840\";i:2;s:6:\"0.7840\";}', 'a:3:{i:15;s:1:\"1\";i:16;s:1:\"1\";i:17;s:1:\"1\";}', 1, '0.7840'),
(639, '2023-01-20 15:29:43', 'a:2:{i:1;s:6:\"0.9482\";i:2;s:6:\"0.9482\";}', 'a:5:{i:4;s:1:\"1\";i:15;s:1:\"1\";i:16;s:1:\"1\";i:24;s:1:\"1\";i:25;s:1:\"1\";}', 1, '0.9482'),
(640, '2023-01-20 15:30:24', 'a:2:{i:1;s:6:\"0.4000\";i:2;s:6:\"0.4000\";}', 'a:1:{i:24;s:1:\"1\";}', 1, '0.4000'),
(641, '2023-01-20 15:30:43', 'a:2:{i:1;s:6:\"0.6400\";i:2;s:6:\"0.6400\";}', 'a:2:{i:24;s:1:\"1\";i:25;s:1:\"1\";}', 1, '0.6400'),
(642, '2023-01-20 15:31:08', 'a:2:{i:1;s:6:\"0.4000\";i:2;s:6:\"0.4000\";}', 'a:1:{i:15;s:1:\"1\";}', 1, '0.4000'),
(643, '2023-01-20 15:32:19', 'a:2:{i:2;s:6:\"1.0000\";i:1;s:6:\"0.9846\";}', 'a:5:{i:2;s:1:\"1\";i:3;s:1:\"1\";i:6;s:1:\"1\";i:14;s:1:\"1\";i:23;s:1:\"1\";}', 2, '1.0000'),
(644, '2023-01-20 15:33:03', 'a:2:{i:1;s:6:\"0.9808\";i:2;s:6:\"0.9808\";}', 'a:4:{i:1;s:1:\"1\";i:2;s:1:\"1\";i:4;s:1:\"1\";i:16;s:1:\"1\";}', 1, '0.9808'),
(645, '2023-01-20 15:35:19', 'a:2:{i:1;s:6:\"1.0000\";i:2;s:6:\"1.0000\";}', 'a:12:{i:6;s:1:\"1\";i:7;s:1:\"1\";i:8;s:1:\"1\";i:9;s:1:\"1\";i:12;s:1:\"1\";i:13;s:1:\"1\";i:14;s:1:\"1\";i:15;s:1:\"1\";i:16;s:1:\"1\";i:17;s:1:\"1\";i:23;s:1:\"1\";i:24;s:1:\"1\";}', 1, '1.0000'),
(646, '2023-01-20 15:36:01', 'a:2:{i:1;s:6:\"0.9520\";i:2;s:6:\"0.9520\";}', 'a:3:{i:11;s:1:\"1\";i:13;s:1:\"1\";i:14;s:1:\"1\";}', 1, '0.9520'),
(647, '2023-01-20 15:37:26', 'a:2:{i:1;s:6:\"1.0000\";i:2;s:6:\"0.9983\";}', 'a:8:{i:4;s:1:\"1\";i:9;s:1:\"1\";i:11;s:1:\"1\";i:14;s:1:\"1\";i:15;s:1:\"1\";i:17;s:1:\"1\";i:18;s:1:\"1\";i:24;s:1:\"1\";}', 1, '1.0000'),
(648, '2023-01-20 15:39:30', 'a:2:{i:1;s:6:\"1.0000\";i:2;s:6:\"1.0000\";}', 'a:12:{i:1;s:1:\"1\";i:4;s:1:\"1\";i:5;s:1:\"1\";i:7;s:1:\"1\";i:8;s:1:\"1\";i:10;s:1:\"1\";i:16;s:1:\"1\";i:18;s:1:\"1\";i:22;s:1:\"1\";i:23;s:1:\"1\";i:24;s:1:\"1\";i:25;s:1:\"1\";}', 1, '1.0000'),
(649, '2023-01-20 15:41:12', 'a:2:{i:2;s:6:\"1.0000\";i:1;s:6:\"0.9996\";}', 'a:10:{i:6;s:1:\"1\";i:8;s:1:\"1\";i:11;s:1:\"1\";i:13;s:1:\"1\";i:17;s:1:\"1\";i:18;s:1:\"1\";i:19;s:1:\"1\";i:23;s:1:\"1\";i:24;s:1:\"1\";i:25;s:1:\"1\";}', 2, '1.0000'),
(650, '2023-01-20 15:44:00', 'a:0:{}', 'a:0:{}', 0, ''),
(651, '2023-01-20 15:46:46', 'a:2:{i:1;s:6:\"1.0000\";i:2;s:6:\"1.0000\";}', 'a:12:{i:1;s:1:\"1\";i:4;s:1:\"1\";i:6;s:1:\"1\";i:9;s:1:\"1\";i:10;s:1:\"1\";i:11;s:1:\"1\";i:15;s:1:\"1\";i:16;s:1:\"1\";i:17;s:1:\"1\";i:19;s:1:\"1\";i:20;s:1:\"1\";i:25;s:1:\"1\";}', 1, '1.0000'),
(652, '2023-01-20 15:49:05', 'a:2:{i:1;s:6:\"1.0000\";i:2;s:6:\"1.0000\";}', 'a:14:{i:1;s:1:\"1\";i:2;s:1:\"1\";i:4;s:1:\"1\";i:5;s:1:\"1\";i:7;s:1:\"1\";i:8;s:1:\"1\";i:9;s:1:\"1\";i:12;s:1:\"1\";i:13;s:1:\"1\";i:14;s:1:\"1\";i:15;s:1:\"1\";i:16;s:1:\"1\";i:23;s:1:\"1\";i:24;s:1:\"1\";}', 1, '1.0000'),
(653, '2023-01-20 15:52:20', 'a:2:{i:1;s:6:\"1.0000\";i:2;s:6:\"1.0000\";}', 'a:12:{i:1;s:1:\"1\";i:4;s:1:\"1\";i:6;s:1:\"1\";i:7;s:1:\"1\";i:11;s:1:\"1\";i:16;s:1:\"1\";i:17;s:1:\"1\";i:18;s:1:\"1\";i:19;s:1:\"1\";i:22;s:1:\"1\";i:23;s:1:\"1\";i:24;s:1:\"1\";}', 1, '1.0000'),
(654, '2023-01-20 15:58:27', 'a:2:{i:1;s:6:\"1.0000\";i:2;s:6:\"1.0000\";}', 'a:16:{i:1;s:1:\"1\";i:4;s:1:\"1\";i:6;s:1:\"1\";i:7;s:1:\"1\";i:8;s:1:\"1\";i:9;s:1:\"1\";i:12;s:1:\"1\";i:13;s:1:\"1\";i:14;s:1:\"1\";i:18;s:1:\"1\";i:19;s:1:\"1\";i:20;s:1:\"1\";i:21;s:1:\"1\";i:22;s:1:\"1\";i:24;s:1:\"1\";i:25;s:1:\"1\";}', 1, '1.0000'),
(655, '2023-01-20 15:59:34', 'a:2:{i:1;s:6:\"1.0000\";i:2;s:6:\"0.9616\";}', 'a:4:{i:3;s:1:\"1\";i:4;s:1:\"1\";i:9;s:1:\"1\";i:17;s:1:\"1\";}', 1, '1.0000'),
(656, '2023-01-20 16:00:07', 'a:2:{i:1;s:6:\"0.9680\";i:2;s:6:\"0.9680\";}', 'a:3:{i:1;s:1:\"1\";i:2;s:1:\"1\";i:3;s:1:\"1\";}', 1, '0.9680'),
(657, '2023-01-20 16:01:49', 'a:2:{i:1;s:6:\"1.0000\";i:2;s:6:\"1.0000\";}', 'a:8:{i:1;s:1:\"1\";i:2;s:1:\"1\";i:8;s:1:\"1\";i:9;s:1:\"1\";i:11;s:1:\"1\";i:12;s:1:\"1\";i:13;s:1:\"1\";i:14;s:1:\"1\";}', 1, '1.0000'),
(658, '2023-01-20 16:02:18', 'a:2:{i:1;s:6:\"0.7600\";i:2;s:6:\"0.7600\";}', 'a:2:{i:16;s:1:\"1\";i:22;s:1:\"1\";}', 1, '0.7600'),
(659, '2023-01-20 16:03:24', 'a:2:{i:1;s:6:\"0.9533\";i:2;s:6:\"0.9533\";}', 'a:6:{i:15;s:1:\"1\";i:16;s:1:\"1\";i:17;s:1:\"1\";i:23;s:1:\"1\";i:24;s:1:\"1\";i:25;s:1:\"1\";}', 1, '0.9533'),
(660, '2023-01-20 16:04:22', 'a:2:{i:1;s:6:\"1.0000\";i:2;s:6:\"1.0000\";}', 'a:5:{i:1;s:1:\"1\";i:3;s:1:\"1\";i:6;s:1:\"1\";i:12;s:1:\"1\";i:16;s:1:\"1\";}', 1, '1.0000'),
(661, '2023-01-20 16:05:03', 'a:2:{i:1;s:6:\"1.0000\";i:2;s:6:\"1.0000\";}', 'a:3:{i:12;s:1:\"1\";i:13;s:1:\"1\";i:17;s:1:\"1\";}', 1, '1.0000'),
(662, '2023-01-20 16:07:40', 'a:2:{i:1;s:6:\"1.0000\";i:2;s:6:\"1.0000\";}', 'a:13:{i:1;s:1:\"1\";i:2;s:1:\"1\";i:4;s:1:\"1\";i:5;s:1:\"1\";i:8;s:1:\"1\";i:9;s:1:\"1\";i:11;s:1:\"1\";i:14;s:1:\"1\";i:15;s:1:\"1\";i:17;s:1:\"1\";i:22;s:1:\"1\";i:23;s:1:\"1\";i:25;s:1:\"1\";}', 1, '1.0000'),
(663, '2023-01-20 16:08:47', 'a:2:{i:1;s:6:\"1.0000\";i:2;s:6:\"1.0000\";}', 'a:3:{i:12;s:1:\"1\";i:13;s:1:\"1\";i:17;s:1:\"1\";}', 1, '1.0000'),
(664, '2023-01-20 16:09:06', 'a:2:{i:1;s:6:\"0.4000\";i:2;s:6:\"0.4000\";}', 'a:1:{i:16;s:1:\"1\";}', 1, '0.4000'),
(665, '2023-01-20 16:10:26', 'a:2:{i:1;s:6:\"0.9533\";i:2;s:6:\"0.9533\";}', 'a:6:{i:15;s:1:\"1\";i:16;s:1:\"1\";i:17;s:1:\"1\";i:23;s:1:\"1\";i:24;s:1:\"1\";i:25;s:1:\"1\";}', 1, '0.9533'),
(666, '2023-01-20 16:10:59', 'a:2:{i:1;s:6:\"0.9680\";i:2;s:6:\"0.9680\";}', 'a:3:{i:1;s:1:\"1\";i:2;s:1:\"1\";i:4;s:1:\"1\";}', 1, '0.9680'),
(667, '2023-01-20 16:13:26', 'a:2:{i:1;s:6:\"1.0000\";i:2;s:6:\"1.0000\";}', 'a:13:{i:2;s:1:\"1\";i:3;s:1:\"1\";i:4;s:1:\"1\";i:6;s:1:\"1\";i:7;s:1:\"1\";i:8;s:1:\"1\";i:10;s:1:\"1\";i:13;s:1:\"1\";i:15;s:1:\"1\";i:16;s:1:\"1\";i:19;s:1:\"1\";i:23;s:1:\"1\";i:24;s:1:\"1\";}', 1, '1.0000'),
(668, '2023-01-21 19:52:08', 'a:2:{i:1;s:6:\"0.9616\";i:2;s:6:\"0.9616\";}', 'a:5:{i:1;s:1:\"1\";i:2;s:1:\"1\";i:3;s:1:\"2\";i:4;s:1:\"1\";i:16;s:1:\"1\";}', 1, '0.9616'),
(669, '2023-01-21 21:07:43', 'a:2:{i:1;s:6:\"0.9360\";i:2;s:6:\"0.9360\";}', 'a:3:{i:1;s:1:\"1\";i:2;s:1:\"1\";i:4;s:1:\"1\";}', 1, '0.9360'),
(670, '2023-01-21 21:08:30', 'a:2:{i:1;s:6:\"0.9360\";i:2;s:6:\"0.9360\";}', 'a:3:{i:1;s:1:\"1\";i:2;s:1:\"1\";i:4;s:1:\"1\";}', 1, '0.9360'),
(671, '2023-01-21 22:00:00', 'a:1:{i:1;s:6:\"0.7840\";}', 'a:3:{i:1;s:1:\"1\";i:2;s:1:\"1\";i:5;s:1:\"1\";}', 1, '0.7840'),
(672, '2023-01-21 22:00:29', 'a:1:{i:1;s:6:\"0.4000\";}', 'a:1:{i:1;s:1:\"1\";}', 1, '0.4000'),
(673, '2023-01-21 22:01:26', 'a:1:{i:1;s:6:\"0.8272\";}', 'a:4:{i:2;s:1:\"1\";i:4;s:1:\"1\";i:6;s:1:\"1\";i:17;s:1:\"1\";}', 1, '0.8272'),
(674, '2023-01-21 22:02:21', 'a:1:{i:1;s:6:\"0.4880\";}', 'a:3:{i:15;s:1:\"1\";i:16;s:1:\"1\";i:17;s:1:\"1\";}', 1, '0.4880'),
(675, '2023-01-21 22:03:15', 'a:1:{i:1;s:6:\"0.7542\";}', 'a:5:{i:4;s:1:\"1\";i:15;s:1:\"1\";i:16;s:1:\"1\";i:24;s:1:\"1\";i:25;s:1:\"1\";}', 1, '0.7542'),
(676, '2023-01-21 22:04:15', 'a:1:{i:1;s:6:\"0.3600\";}', 'a:2:{i:24;s:1:\"1\";i:25;s:1:\"1\";}', 1, '0.3600'),
(677, '2023-01-21 22:04:59', 'a:1:{i:1;s:6:\"0.2000\";}', 'a:1:{i:15;s:1:\"1\";}', 1, '0.2000'),
(678, '2023-01-21 22:06:29', 'a:1:{i:1;s:6:\"0.8963\";}', 'a:5:{i:2;s:1:\"1\";i:3;s:1:\"1\";i:6;s:1:\"1\";i:14;s:1:\"1\";i:23;s:1:\"1\";}', 1, '0.8963'),
(679, '2023-01-21 22:07:36', 'a:1:{i:1;s:6:\"0.8272\";}', 'a:4:{i:1;s:1:\"1\";i:2;s:1:\"1\";i:4;s:1:\"1\";i:16;s:1:\"1\";}', 1, '0.8272'),
(680, '2023-01-21 22:09:18', 'a:1:{i:1;s:6:\"0.8080\";}', 'a:3:{i:11;s:1:\"1\";i:13;s:1:\"1\";i:14;s:1:\"1\";}', 1, '0.8080'),
(681, '2023-01-21 22:11:05', 'a:1:{i:1;s:6:\"1.0000\";}', 'a:4:{i:3;s:1:\"1\";i:4;s:1:\"1\";i:9;s:1:\"1\";i:17;s:1:\"1\";}', 1, '1.0000'),
(682, '2023-01-21 22:11:48', 'a:1:{i:1;s:6:\"0.7840\";}', 'a:3:{i:1;s:1:\"1\";i:2;s:1:\"1\";i:3;s:1:\"1\";}', 1, '0.7840'),
(683, '2023-01-21 22:12:28', 'a:1:{i:1;s:6:\"0.5200\";}', 'a:2:{i:16;s:1:\"1\";i:22;s:1:\"1\";}', 1, '0.5200'),
(684, '2023-01-21 22:14:40', 'a:1:{i:1;s:6:\"0.7379\";}', 'a:6:{i:15;s:1:\"1\";i:16;s:1:\"1\";i:17;s:1:\"1\";i:23;s:1:\"1\";i:24;s:1:\"1\";i:25;s:1:\"1\";}', 1, '0.7379'),
(685, '2023-01-21 22:15:34', 'a:1:{i:1;s:6:\"1.0000\";}', 'a:5:{i:1;s:1:\"1\";i:3;s:1:\"1\";i:6;s:1:\"1\";i:12;s:1:\"1\";i:16;s:1:\"1\";}', 1, '1.0000'),
(686, '2023-01-21 22:16:09', 'a:1:{i:1;s:6:\"1.0000\";}', 'a:3:{i:12;s:1:\"1\";i:13;s:1:\"1\";i:17;s:1:\"1\";}', 1, '1.0000'),
(687, '2023-01-21 22:16:41', 'a:1:{i:1;s:6:\"0.2000\";}', 'a:1:{i:16;s:1:\"1\";}', 1, '0.2000'),
(688, '2023-01-21 22:17:42', 'a:1:{i:1;s:6:\"0.7379\";}', 'a:6:{i:15;s:1:\"1\";i:16;s:1:\"1\";i:17;s:1:\"1\";i:23;s:1:\"1\";i:24;s:1:\"1\";i:25;s:1:\"1\";}', 1, '0.7379'),
(689, '2023-01-21 22:18:12', 'a:1:{i:1;s:6:\"0.7840\";}', 'a:3:{i:1;s:1:\"1\";i:2;s:1:\"1\";i:4;s:1:\"1\";}', 1, '0.7840'),
(690, '2023-01-22 09:36:28', 'a:1:{i:1;s:6:\"1.0000\";}', 'a:12:{i:6;s:1:\"1\";i:7;s:1:\"1\";i:8;s:1:\"1\";i:9;s:1:\"1\";i:12;s:1:\"1\";i:13;s:1:\"1\";i:14;s:1:\"1\";i:15;s:1:\"1\";i:16;s:1:\"1\";i:17;s:1:\"1\";i:23;s:1:\"1\";i:24;s:1:\"1\";}', 1, '1.0000'),
(691, '2023-01-22 09:38:23', 'a:1:{i:1;s:6:\"1.0000\";}', 'a:8:{i:3;s:1:\"1\";i:9;s:1:\"1\";i:11;s:1:\"1\";i:14;s:1:\"1\";i:15;s:1:\"1\";i:17;s:1:\"1\";i:18;s:1:\"1\";i:24;s:1:\"1\";}', 1, '1.0000'),
(692, '2023-01-22 09:40:09', 'a:1:{i:1;s:6:\"1.0000\";}', 'a:11:{i:1;s:1:\"1\";i:4;s:1:\"1\";i:7;s:1:\"1\";i:8;s:1:\"1\";i:10;s:1:\"1\";i:16;s:1:\"1\";i:18;s:1:\"1\";i:22;s:1:\"1\";i:23;s:1:\"1\";i:24;s:1:\"1\";i:25;s:1:\"1\";}', 1, '1.0000'),
(693, '2023-01-22 09:41:35', 'a:1:{i:1;s:6:\"0.9799\";}', 'a:10:{i:6;s:1:\"1\";i:8;s:1:\"1\";i:11;s:1:\"1\";i:13;s:1:\"1\";i:17;s:1:\"1\";i:18;s:1:\"1\";i:19;s:1:\"1\";i:23;s:1:\"1\";i:24;s:1:\"1\";i:25;s:1:\"1\";}', 1, '0.9799'),
(694, '2023-01-22 09:44:06', 'a:1:{i:1;s:6:\"1.0000\";}', 'a:13:{i:1;s:1:\"1\";i:3;s:1:\"2\";i:4;s:1:\"1\";i:6;s:1:\"1\";i:9;s:1:\"1\";i:10;s:1:\"1\";i:11;s:1:\"1\";i:15;s:1:\"1\";i:16;s:1:\"1\";i:17;s:1:\"1\";i:19;s:1:\"1\";i:20;s:1:\"1\";i:25;s:1:\"1\";}', 1, '1.0000'),
(695, '2023-01-22 09:46:56', 'a:1:{i:1;s:6:\"1.0000\";}', 'a:14:{i:1;s:1:\"1\";i:2;s:1:\"1\";i:4;s:1:\"1\";i:5;s:1:\"1\";i:7;s:1:\"1\";i:8;s:1:\"1\";i:9;s:1:\"1\";i:12;s:1:\"1\";i:13;s:1:\"1\";i:14;s:1:\"1\";i:15;s:1:\"1\";i:16;s:1:\"1\";i:23;s:1:\"1\";i:24;s:1:\"1\";}', 1, '1.0000'),
(696, '2023-01-22 09:48:34', 'a:1:{i:1;s:6:\"1.0000\";}', 'a:12:{i:1;s:1:\"1\";i:4;s:1:\"1\";i:6;s:1:\"1\";i:7;s:1:\"1\";i:11;s:1:\"1\";i:16;s:1:\"1\";i:17;s:1:\"1\";i:18;s:1:\"1\";i:19;s:1:\"1\";i:22;s:1:\"1\";i:23;s:1:\"1\";i:24;s:1:\"1\";}', 1, '1.0000'),
(697, '2023-01-22 09:51:53', 'a:1:{i:1;s:6:\"1.0000\";}', 'a:16:{i:1;s:1:\"1\";i:4;s:1:\"1\";i:6;s:1:\"1\";i:7;s:1:\"1\";i:8;s:1:\"1\";i:9;s:1:\"1\";i:12;s:1:\"1\";i:13;s:1:\"1\";i:14;s:1:\"1\";i:18;s:1:\"1\";i:19;s:1:\"1\";i:20;s:1:\"1\";i:21;s:1:\"1\";i:22;s:1:\"1\";i:24;s:1:\"1\";i:25;s:1:\"1\";}', 1, '1.0000'),
(698, '2023-01-22 09:53:57', 'a:1:{i:1;s:6:\"1.0000\";}', 'a:13:{i:2;s:1:\"1\";i:3;s:1:\"1\";i:4;s:1:\"1\";i:6;s:1:\"1\";i:7;s:1:\"1\";i:8;s:1:\"1\";i:10;s:1:\"1\";i:13;s:1:\"1\";i:15;s:1:\"1\";i:16;s:1:\"1\";i:19;s:1:\"1\";i:23;s:1:\"1\";i:24;s:1:\"1\";}', 1, '1.0000'),
(699, '2023-01-22 09:55:38', 'a:1:{i:1;s:6:\"1.0000\";}', 'a:8:{i:1;s:1:\"1\";i:2;s:1:\"1\";i:8;s:1:\"1\";i:9;s:1:\"1\";i:11;s:1:\"1\";i:12;s:1:\"1\";i:13;s:1:\"1\";i:14;s:1:\"1\";}', 1, '1.0000'),
(700, '2023-01-22 09:58:43', 'a:1:{i:1;s:6:\"1.0000\";}', 'a:13:{i:1;s:1:\"1\";i:2;s:1:\"1\";i:4;s:1:\"1\";i:5;s:1:\"1\";i:8;s:1:\"1\";i:9;s:1:\"1\";i:11;s:1:\"1\";i:14;s:1:\"1\";i:15;s:1:\"1\";i:17;s:1:\"1\";i:22;s:1:\"1\";i:23;s:1:\"1\";i:25;s:1:\"1\";}', 1, '1.0000'),
(701, '2023-01-22 09:59:55', 'a:1:{i:1;s:6:\"0.7379\";}', 'a:6:{i:15;s:1:\"1\";i:16;s:1:\"1\";i:17;s:1:\"1\";i:23;s:1:\"1\";i:24;s:1:\"1\";i:25;s:1:\"1\";}', 1, '0.7379'),
(702, '2023-01-22 10:00:18', 'a:1:{i:1;s:6:\"0.7840\";}', 'a:3:{i:1;s:1:\"1\";i:2;s:1:\"1\";i:4;s:1:\"1\";}', 1, '0.7840'),
(703, '2023-01-25 12:51:08', 'a:1:{i:1;s:6:\"0.6400\";}', 'a:2:{i:1;s:1:\"1\";i:2;s:1:\"1\";}', 1, '0.6400'),
(704, '2023-01-25 13:06:54', 'a:1:{i:1;s:6:\"0.4000\";}', 'a:1:{i:1;s:1:\"1\";}', 1, '0.4000'),
(705, '2023-01-25 13:07:28', 'a:1:{i:1;s:6:\"0.4000\";}', 'a:1:{i:1;s:1:\"1\";}', 1, '0.4000'),
(706, '2023-01-25 13:07:55', 'a:1:{i:1;s:6:\"0.4000\";}', 'a:1:{i:1;s:1:\"1\";}', 1, '0.4000'),
(707, '2023-01-25 13:08:15', 'a:1:{i:1;s:6:\"0.6400\";}', 'a:2:{i:2;s:1:\"1\";i:5;s:1:\"1\";}', 1, '0.6400'),
(708, '2023-01-25 15:50:48', 'a:1:{i:1;s:6:\"0.4000\";}', 'a:1:{i:1;s:1:\"1\";}', 1, '0.4000'),
(709, '2023-01-25 15:50:56', 'a:1:{i:1;s:6:\"0.6400\";}', 'a:2:{i:1;s:1:\"1\";i:2;s:1:\"1\";}', 1, '0.6400'),
(710, '2023-01-25 15:53:42', 'a:1:{i:1;s:6:\"0.4000\";}', 'a:1:{i:1;s:1:\"1\";}', 1, '0.4000'),
(711, '2023-01-25 15:53:53', 'a:1:{i:1;s:6:\"0.6400\";}', 'a:2:{i:1;s:1:\"1\";i:2;s:1:\"1\";}', 1, '0.6400'),
(712, '2023-01-25 15:54:09', 'a:1:{i:1;s:6:\"0.9533\";}', 'a:6:{i:1;s:1:\"1\";i:2;s:1:\"1\";i:3;s:1:\"1\";i:4;s:1:\"1\";i:5;s:1:\"1\";i:6;s:1:\"1\";}', 1, '0.9533'),
(713, '2023-01-25 15:54:24', 'a:0:{}', 'a:0:{}', 0, ''),
(714, '2023-01-25 15:54:44', 'a:0:{}', 'a:0:{}', 0, ''),
(715, '2023-01-25 15:58:11', 'a:2:{i:1;s:6:\"1.0000\";i:2;s:6:\"1.0000\";}', 'a:25:{i:1;s:1:\"1\";i:2;s:1:\"1\";i:3;s:1:\"1\";i:4;s:1:\"1\";i:5;s:1:\"1\";i:6;s:1:\"1\";i:7;s:1:\"1\";i:8;s:1:\"1\";i:9;s:1:\"1\";i:10;s:1:\"1\";i:11;s:1:\"1\";i:12;s:1:\"1\";i:13;s:1:\"1\";i:14;s:1:\"1\";i:15;s:1:\"1\";i:16;s:1:\"1\";i:17;s:1:\"1\";i:18;s:1:\"1\";i:19;s:1:\"1\";i:20;s:1:\"1\";i:21;s:1:\"1\";i:22;s:1:\"1\";i:23;s:1:\"1\";i:24;s:1:\"1\";i:25;s:1:\"1\";}', 2, '1.0000'),
(716, '2023-01-25 15:58:23', 'a:2:{i:1;s:6:\"0.4000\";i:2;s:6:\"0.4000\";}', 'a:1:{i:1;s:1:\"1\";}', 1, '0.4000'),
(717, '2023-01-25 15:58:33', 'a:2:{i:1;s:6:\"0.7840\";i:2;s:6:\"0.7840\";}', 'a:3:{i:1;s:1:\"1\";i:2;s:1:\"1\";i:3;s:1:\"1\";}', 1, '0.7840'),
(718, '2023-01-25 15:58:54', 'a:2:{i:1;s:6:\"0.4000\";i:2;s:6:\"0.4000\";}', 'a:1:{i:1;s:1:\"1\";}', 1, '0.4000'),
(719, '2023-01-25 15:59:03', 'a:2:{i:1;s:6:\"0.6400\";i:2;s:6:\"0.6400\";}', 'a:2:{i:1;s:1:\"1\";i:2;s:1:\"1\";}', 1, '0.6400'),
(720, '2023-01-25 17:08:36', 'a:2:{i:1;s:6:\"0.4000\";i:2;s:6:\"0.4000\";}', 'a:1:{i:1;s:1:\"1\";}', 1, '0.4000'),
(721, '2023-01-27 13:26:46', 'a:2:{i:1;s:6:\"1.0000\";i:2;s:6:\"1.0000\";}', 'a:25:{i:1;s:1:\"1\";i:2;s:1:\"1\";i:3;s:1:\"1\";i:4;s:1:\"1\";i:5;s:1:\"1\";i:6;s:1:\"1\";i:7;s:1:\"1\";i:8;s:1:\"1\";i:9;s:1:\"1\";i:10;s:1:\"1\";i:11;s:1:\"2\";i:12;s:1:\"2\";i:13;s:1:\"2\";i:14;s:1:\"2\";i:15;s:1:\"2\";i:16;s:1:\"2\";i:17;s:1:\"2\";i:18;s:1:\"2\";i:19;s:1:\"2\";i:20;s:1:\"2\";i:21;s:1:\"2\";i:22;s:1:\"2\";i:23;s:1:\"2\";i:24;s:1:\"2\";i:25;s:1:\"2\";}', 1, '1.0000'),
(722, '2023-01-27 13:52:52', 'a:2:{i:1;s:6:\"0.4000\";i:2;s:6:\"0.4000\";}', 'a:1:{i:1;s:1:\"1\";}', 1, '0.4000'),
(723, '2023-01-27 13:53:41', 'a:2:{i:1;s:6:\"0.8704\";i:2;s:6:\"0.8704\";}', 'a:4:{i:1;s:1:\"1\";i:2;s:1:\"1\";i:3;s:1:\"1\";i:4;s:1:\"1\";}', 1, '0.8704'),
(724, '2023-01-27 13:53:50', 'a:2:{i:1;s:6:\"0.7840\";i:2;s:6:\"0.7840\";}', 'a:3:{i:1;s:1:\"1\";i:2;s:1:\"1\";i:3;s:1:\"1\";}', 1, '0.7840'),
(725, '2023-01-27 13:56:11', 'a:2:{i:1;s:6:\"0.4000\";i:2;s:6:\"0.4000\";}', 'a:1:{i:1;s:1:\"1\";}', 1, '0.4000'),
(726, '2023-01-27 21:07:26', 'a:2:{i:1;s:6:\"0.7840\";i:2;s:6:\"0.7840\";}', 'a:26:{i:1;s:1:\"1\";i:2;s:1:\"1\";i:3;s:1:\"1\";i:4;s:1:\"2\";i:5;s:1:\"2\";i:6;s:1:\"2\";i:7;s:1:\"2\";i:8;s:1:\"2\";i:9;s:1:\"2\";i:10;s:1:\"2\";i:11;s:1:\"2\";i:12;s:1:\"2\";i:13;s:1:\"2\";i:14;s:1:\"2\";i:15;s:1:\"2\";i:16;s:1:\"2\";i:17;s:1:\"2\";i:18;s:1:\"2\";i:19;s:1:\"2\";i:20;s:1:\"2\";i:21;s:1:\"2\";i:22;s:1:\"2\";i:23;s:1:\"2\";i:24;s:1:\"2\";i:25;s:1:\"2\";i:63;s:1:\"2\";}', 1, '0.7840'),
(727, '2023-01-27 21:12:23', 'a:2:{i:1;s:6:\"0.6400\";i:2;s:6:\"0.6400\";}', 'a:26:{i:1;s:1:\"1\";i:2;s:1:\"1\";i:3;s:1:\"2\";i:4;s:1:\"2\";i:5;s:1:\"2\";i:6;s:1:\"2\";i:7;s:1:\"2\";i:8;s:1:\"2\";i:9;s:1:\"2\";i:10;s:1:\"2\";i:11;s:1:\"2\";i:12;s:1:\"2\";i:13;s:1:\"2\";i:14;s:1:\"2\";i:15;s:1:\"2\";i:16;s:1:\"2\";i:17;s:1:\"2\";i:18;s:1:\"2\";i:19;s:1:\"2\";i:20;s:1:\"2\";i:21;s:1:\"2\";i:22;s:1:\"2\";i:23;s:1:\"2\";i:24;s:1:\"2\";i:25;s:1:\"2\";i:63;s:1:\"2\";}', 1, '0.6400'),
(728, '2023-01-27 21:14:15', 'a:2:{i:1;s:6:\"0.4000\";i:2;s:6:\"0.4000\";}', 'a:26:{i:1;s:1:\"1\";i:2;s:1:\"2\";i:3;s:1:\"2\";i:4;s:1:\"2\";i:5;s:1:\"2\";i:6;s:1:\"2\";i:7;s:1:\"2\";i:8;s:1:\"2\";i:9;s:1:\"2\";i:10;s:1:\"2\";i:11;s:1:\"2\";i:12;s:1:\"2\";i:13;s:1:\"2\";i:14;s:1:\"2\";i:15;s:1:\"2\";i:16;s:1:\"2\";i:17;s:1:\"2\";i:18;s:1:\"2\";i:19;s:1:\"2\";i:20;s:1:\"2\";i:21;s:1:\"2\";i:22;s:1:\"2\";i:23;s:1:\"2\";i:24;s:1:\"2\";i:25;s:1:\"2\";i:63;s:1:\"2\";}', 1, '0.4000');
INSERT INTO `hasil` (`id_hasil`, `tanggal`, `penyakit`, `gejala`, `hasil_id`, `hasil_nilai`) VALUES
(729, '2023-01-27 21:31:32', 'a:2:{i:1;s:6:\"0.7840\";i:2;s:6:\"0.7840\";}', 'a:26:{i:1;s:1:\"1\";i:2;s:1:\"1\";i:3;s:1:\"1\";i:4;s:1:\"2\";i:5;s:1:\"2\";i:6;s:1:\"2\";i:7;s:1:\"2\";i:8;s:1:\"2\";i:9;s:1:\"2\";i:10;s:1:\"2\";i:11;s:1:\"2\";i:12;s:1:\"2\";i:13;s:1:\"2\";i:14;s:1:\"2\";i:15;s:1:\"2\";i:16;s:1:\"2\";i:17;s:1:\"2\";i:18;s:1:\"2\";i:19;s:1:\"2\";i:20;s:1:\"2\";i:21;s:1:\"2\";i:22;s:1:\"2\";i:23;s:1:\"2\";i:24;s:1:\"2\";i:25;s:1:\"2\";i:63;s:1:\"2\";}', 1, '0.7840'),
(730, '2023-01-27 21:38:26', 'a:2:{i:1;s:6:\"0.7840\";i:2;s:6:\"0.7840\";}', 'a:26:{i:1;s:1:\"1\";i:2;s:1:\"1\";i:3;s:1:\"1\";i:4;s:1:\"2\";i:5;s:1:\"2\";i:6;s:1:\"2\";i:7;s:1:\"2\";i:8;s:1:\"2\";i:9;s:1:\"2\";i:10;s:1:\"2\";i:11;s:1:\"2\";i:12;s:1:\"2\";i:13;s:1:\"2\";i:14;s:1:\"2\";i:15;s:1:\"2\";i:16;s:1:\"2\";i:17;s:1:\"2\";i:18;s:1:\"2\";i:19;s:1:\"2\";i:20;s:1:\"2\";i:21;s:1:\"2\";i:22;s:1:\"2\";i:23;s:1:\"2\";i:24;s:1:\"2\";i:25;s:1:\"2\";i:63;s:1:\"2\";}', 1, '0.7840'),
(731, '2023-01-31 15:58:08', 'a:2:{i:1;s:6:\"1.0000\";i:2;s:6:\"1.0000\";}', 'a:25:{i:1;s:1:\"1\";i:2;s:1:\"2\";i:3;s:1:\"2\";i:4;s:1:\"2\";i:5;s:1:\"2\";i:6;s:1:\"2\";i:7;s:1:\"2\";i:8;s:1:\"2\";i:9;s:1:\"1\";i:10;s:1:\"2\";i:11;s:1:\"2\";i:12;s:1:\"2\";i:13;s:1:\"2\";i:14;s:1:\"2\";i:15;s:1:\"2\";i:16;s:1:\"2\";i:17;s:1:\"2\";i:18;s:1:\"2\";i:19;s:1:\"2\";i:20;s:1:\"2\";i:21;s:1:\"2\";i:22;s:1:\"2\";i:23;s:1:\"2\";i:24;s:1:\"2\";i:25;s:1:\"2\";}', 1, '1.0000'),
(732, '2023-02-06 07:06:27', 'a:2:{i:1;s:6:\"0.6400\";i:2;s:6:\"0.6400\";}', 'a:25:{i:1;s:1:\"1\";i:2;s:1:\"1\";i:3;s:1:\"2\";i:4;s:1:\"2\";i:5;s:1:\"2\";i:6;s:1:\"2\";i:7;s:1:\"2\";i:8;s:1:\"2\";i:9;s:1:\"2\";i:10;s:1:\"2\";i:11;s:1:\"2\";i:12;s:1:\"2\";i:13;s:1:\"2\";i:14;s:1:\"2\";i:15;s:1:\"2\";i:16;s:1:\"2\";i:17;s:1:\"2\";i:18;s:1:\"2\";i:19;s:1:\"2\";i:20;s:1:\"2\";i:21;s:1:\"2\";i:22;s:1:\"2\";i:23;s:1:\"2\";i:24;s:1:\"2\";i:25;s:1:\"2\";}', 1, '0.6400'),
(733, '2023-02-06 07:57:19', 'a:2:{i:1;s:6:\"0.3600\";i:2;s:6:\"0.3600\";}', 'a:25:{i:1;s:1:\"2\";i:2;s:1:\"2\";i:3;s:1:\"2\";i:4;s:1:\"2\";i:5;s:1:\"2\";i:6;s:1:\"2\";i:7;s:1:\"2\";i:8;s:1:\"2\";i:9;s:1:\"2\";i:10;s:1:\"2\";i:11;s:1:\"2\";i:12;s:1:\"2\";i:13;s:1:\"2\";i:14;s:1:\"2\";i:15;s:1:\"2\";i:16;s:1:\"2\";i:17;s:1:\"1\";i:18;s:1:\"1\";i:19;s:1:\"2\";i:20;s:1:\"2\";i:21;s:1:\"2\";i:22;s:1:\"2\";i:23;s:1:\"2\";i:24;s:1:\"2\";i:25;s:1:\"2\";}', 1, '0.3600'),
(734, '2023-02-06 08:07:54', 'a:0:{}', 'a:25:{i:1;s:1:\"2\";i:2;s:1:\"2\";i:3;s:1:\"2\";i:4;s:1:\"2\";i:5;s:1:\"2\";i:6;s:1:\"2\";i:7;s:1:\"2\";i:8;s:1:\"2\";i:9;s:1:\"2\";i:10;s:1:\"2\";i:11;s:1:\"2\";i:12;s:1:\"2\";i:13;s:1:\"2\";i:14;s:1:\"2\";i:15;s:1:\"2\";i:16;s:1:\"2\";i:17;s:1:\"2\";i:18;s:1:\"2\";i:19;s:1:\"2\";i:20;s:1:\"2\";i:21;s:1:\"2\";i:22;s:1:\"2\";i:23;s:1:\"2\";i:24;s:1:\"2\";i:25;s:1:\"2\";}', 0, ''),
(735, '2023-02-06 08:08:48', 'a:2:{i:1;s:6:\"0.2000\";i:2;s:6:\"0.2000\";}', 'a:25:{i:1;s:1:\"2\";i:2;s:1:\"2\";i:3;s:1:\"2\";i:4;s:1:\"2\";i:5;s:1:\"2\";i:6;s:1:\"2\";i:7;s:1:\"2\";i:8;s:1:\"2\";i:9;s:1:\"2\";i:10;s:1:\"2\";i:11;s:1:\"2\";i:12;s:1:\"2\";i:13;s:1:\"2\";i:14;s:1:\"2\";i:15;s:1:\"2\";i:16;s:1:\"2\";i:17;s:1:\"2\";i:18;s:1:\"2\";i:19;s:1:\"2\";i:20;s:1:\"2\";i:21;s:1:\"2\";i:22;s:1:\"2\";i:23;s:1:\"2\";i:24;s:1:\"2\";i:25;s:1:\"1\";}', 1, '0.2000'),
(736, '2023-02-06 08:37:17', 'a:2:{i:1;s:6:\"0.2000\";i:2;s:6:\"0.2000\";}', 'a:25:{i:1;s:1:\"2\";i:2;s:1:\"2\";i:3;s:1:\"2\";i:4;s:1:\"2\";i:5;s:1:\"2\";i:6;s:1:\"2\";i:7;s:1:\"2\";i:8;s:1:\"2\";i:9;s:1:\"2\";i:10;s:1:\"2\";i:11;s:1:\"2\";i:12;s:1:\"2\";i:13;s:1:\"2\";i:14;s:1:\"2\";i:15;s:1:\"2\";i:16;s:1:\"2\";i:17;s:1:\"2\";i:18;s:1:\"2\";i:19;s:1:\"2\";i:20;s:1:\"2\";i:21;s:1:\"2\";i:22;s:1:\"2\";i:23;s:1:\"2\";i:24;s:1:\"2\";i:25;s:1:\"1\";}', 1, '0.2000'),
(737, '2023-03-14 11:30:33', 'a:2:{i:1;s:6:\"0.4000\";i:2;s:6:\"0.4000\";}', 'a:25:{i:1;s:1:\"1\";i:2;s:1:\"2\";i:3;s:1:\"2\";i:4;s:1:\"2\";i:5;s:1:\"2\";i:6;s:1:\"2\";i:7;s:1:\"2\";i:8;s:1:\"2\";i:9;s:1:\"2\";i:10;s:1:\"2\";i:11;s:1:\"2\";i:12;s:1:\"2\";i:13;s:1:\"2\";i:14;s:1:\"2\";i:15;s:1:\"2\";i:16;s:1:\"2\";i:17;s:1:\"2\";i:18;s:1:\"2\";i:19;s:1:\"2\";i:20;s:1:\"2\";i:21;s:1:\"2\";i:22;s:1:\"2\";i:23;s:1:\"2\";i:24;s:1:\"2\";i:25;s:1:\"2\";}', 1, '0.4000'),
(738, '2023-03-14 11:32:03', 'a:2:{i:1;s:6:\"0.4000\";i:2;s:6:\"0.4000\";}', 'a:25:{i:1;s:1:\"1\";i:2;s:1:\"2\";i:3;s:1:\"2\";i:4;s:1:\"2\";i:5;s:1:\"2\";i:6;s:1:\"2\";i:7;s:1:\"2\";i:8;s:1:\"2\";i:9;s:1:\"2\";i:10;s:1:\"2\";i:11;s:1:\"2\";i:12;s:1:\"2\";i:13;s:1:\"2\";i:14;s:1:\"2\";i:15;s:1:\"2\";i:16;s:1:\"2\";i:17;s:1:\"2\";i:18;s:1:\"2\";i:19;s:1:\"2\";i:20;s:1:\"2\";i:21;s:1:\"2\";i:22;s:1:\"2\";i:23;s:1:\"2\";i:24;s:1:\"2\";i:25;s:1:\"2\";}', 1, '0.4000'),
(739, '2023-03-14 11:35:44', 'a:2:{i:1;s:6:\"0.6400\";i:2;s:6:\"0.6400\";}', 'a:25:{i:1;s:1:\"1\";i:2;s:1:\"1\";i:3;s:1:\"2\";i:4;s:1:\"2\";i:5;s:1:\"2\";i:6;s:1:\"2\";i:7;s:1:\"2\";i:8;s:1:\"2\";i:9;s:1:\"2\";i:10;s:1:\"2\";i:11;s:1:\"2\";i:12;s:1:\"2\";i:13;s:1:\"2\";i:14;s:1:\"2\";i:15;s:1:\"2\";i:16;s:1:\"2\";i:17;s:1:\"2\";i:18;s:1:\"2\";i:19;s:1:\"2\";i:20;s:1:\"2\";i:21;s:1:\"2\";i:22;s:1:\"2\";i:23;s:1:\"2\";i:24;s:1:\"2\";i:25;s:1:\"2\";}', 1, '0.6400');

-- --------------------------------------------------------

--
-- Struktur dari tabel `kondisi`
--

CREATE TABLE `kondisi` (
  `id` int(11) NOT NULL,
  `kondisi` varchar(64) NOT NULL,
  `ket` varchar(256) NOT NULL
) ENGINE=InnoDB DEFAULT CHARSET=latin1;

--
-- Dumping data untuk tabel `kondisi`
--

INSERT INTO `kondisi` (`id`, `kondisi`, `ket`) VALUES
(1, 'Ya', ''),
(2, 'Tidak', '');

-- --------------------------------------------------------

--
-- Struktur dari tabel `penyakit`
--

CREATE TABLE `penyakit` (
  `kode_penyakit` int(11) NOT NULL,
  `nama_penyakit` varchar(50) NOT NULL
) ENGINE=MyISAM DEFAULT CHARSET=latin1;

--
-- Dumping data untuk tabel `penyakit`
--

INSERT INTO `penyakit` (`kode_penyakit`, `nama_penyakit`) VALUES
(1, 'Kusta'),
(2, 'Pasti Kusta');

--
-- Indexes for dumped tables
--

--
-- Indeks untuk tabel `admin`
--
ALTER TABLE `admin`
  ADD PRIMARY KEY (`username`);

--
-- Indeks untuk tabel `basis_pengetahuan`
--
ALTER TABLE `basis_pengetahuan`
  ADD PRIMARY KEY (`kode_pengetahuan`);

--
-- Indeks untuk tabel `gejala`
--
ALTER TABLE `gejala`
  ADD PRIMARY KEY (`kode_gejala`);

--
-- Indeks untuk tabel `hasil`
--
ALTER TABLE `hasil`
  ADD PRIMARY KEY (`id_hasil`);

--
-- Indeks untuk tabel `kondisi`
--
ALTER TABLE `kondisi`
  ADD PRIMARY KEY (`id`);

--
-- Indeks untuk tabel `penyakit`
--
ALTER TABLE `penyakit`
  ADD PRIMARY KEY (`kode_penyakit`);

--
-- AUTO_INCREMENT untuk tabel yang dibuang
--

--
-- AUTO_INCREMENT untuk tabel `basis_pengetahuan`
--
ALTER TABLE `basis_pengetahuan`
  MODIFY `kode_pengetahuan` int(11) NOT NULL AUTO_INCREMENT, AUTO_INCREMENT=153;

--
-- AUTO_INCREMENT untuk tabel `gejala`
--
ALTER TABLE `gejala`
  MODIFY `kode_gejala` int(11) NOT NULL AUTO_INCREMENT, AUTO_INCREMENT=69;

--
-- AUTO_INCREMENT untuk tabel `hasil`
--
ALTER TABLE `hasil`
  MODIFY `id_hasil` int(11) NOT NULL AUTO_INCREMENT, AUTO_INCREMENT=740;

--
-- AUTO_INCREMENT untuk tabel `kondisi`
--
ALTER TABLE `kondisi`
  MODIFY `id` int(11) NOT NULL AUTO_INCREMENT, AUTO_INCREMENT=10;

--
-- AUTO_INCREMENT untuk tabel `penyakit`
--
ALTER TABLE `penyakit`
  MODIFY `kode_penyakit` int(11) NOT NULL AUTO_INCREMENT, AUTO_INCREMENT=57;
COMMIT;

/*!40101 SET CHARACTER_SET_CLIENT=@OLD_CHARACTER_SET_CLIENT */;
/*!40101 SET CHARACTER_SET_RESULTS=@OLD_CHARACTER_SET_RESULTS */;
/*!40101 SET COLLATION_CONNECTION=@OLD_COLLATION_CONNECTION */;
